TestID,WebsiteName,WebsiteURL,CheckRate,ContactGroup,TestTags,WebsiteHost,Status,Uptime,Paused,NormalisedResponse,TestType,Public,EnableSSLWarning
3687808,https://1af.pedigree.ru,https://1af.pedigree.ru,300,"5664,122534",plesk-01.mngt.mars.com,DATALINE RU,Up,100,FALSE,0,HTTP,0,1
2806735,https://5gum.ru,https://5gum.ru,300,5664,plesk-01.mngt.mars.com,DATALINE RU,Up,100,FALSE,0,HTTP,0,1
2984433,https://catday.ru,https://catday.ru,300,"5664,122534,122541",plesk-01.mngt.mars.com,DATALINE RU,Up,100,FALSE,0,HTTP,0,1
116778,https://catsan.ru,https://catsan.ru,300,5664,plesk-01.mngt.mars.com,DATALINE RU,Up,100,FALSE,0,HTTP,0,1
117713,https://chappi.ru,https://chappi.ru,300,"5664,122534",plesk-01.mngt.mars.com,DATALINE RU,Up,100,FALSE,0,HTTP,0,1
