TestID,WebsiteName,WebsiteURL,CheckRate,ContactGroup,TestTags,WebsiteHost,Status,Uptime,Paused,NormalisedResponse,TestType,Public,EnableSSLWarning
116684,https://dreamies.ru,https://dreamies.ru,300,"5664,122534,122536",dreamies.mngt.mars.com,DATALINE RU,Up,100,FALSE,0,HTTP,0,1
3687809,https://eukanuba.ru,https://eukanuba.ru,300,5664,eukanuba.mngt.mars.com,DATALINE RU,Up,100,FALSE,0,HTTP,0,1
116762,https://kitekat.ru,https://kitekat.ru,300,"5664,122534,122536",kitekat.mngt.mars.com,DATALINE RU,Up,100,FALSE,0,HTTP,0,1
2806733,https://Lubimchik.ru,https://Lubimchik.ru,300,5664,lubimchik.mngt.mars.com,DATALINE RU,Up,100,FALSE,0,HTTP,0,1
3687810,https://marspassion.ru,https://marspassion.ru,300,5664,plesk-01.mngt.mars.com,DATALINE RU,Up,100,FALSE,0,HTTP,0,1
3471269,https://mms-promo.ru,https://mms-promo.ru,300,5664,plesk-01.mngt.mars.com,DATALINE RU,Up,100,FALSE,0,HTTP,0,1
3437702,https://mydreammama.ru,https://mydreammama.ru,300,"5664,122532,122534",mydreammama.mngt.mars.com,DATALINE RU,Up,100,FALSE,0,HTTP,0,1
3633949,https://naturestable.ru,https://naturestable.ru,300,"5664,122534",naturestable.mngt.mars.com,DATALINE RU,Up,100,FALSE,0,HTTP,0,1
3687812,https://orbit-promo.ru,https://orbit-promo.ru,300,5664,plesk-01.mngt.mars.com,DATALINE RU,Up,100,FALSE,0,HTTP,0,1
2806721,https://pedigree.ru,https://pedigree.ru,300,"5664,122532,122534",pedigree.mngt.mars.com,DATALINE RU,Up,100,FALSE,0,HTTP,0,1
371843,https://perfectfit.ru,https://perfectfit.ru,300,"5664,122532,122534",perfectfit.mngt.mars.com,DATALINE RU,Up,100,FALSE,0,HTTP,0,1
2334662,https://petstory.ru,https://petstory.ru,300,5664,plesk-01.mngt.mars.com,DATALINE RU,Up,100,FALSE,0,HTTP,0,1
3437706,https://prof.pedigree.ru,https://prof.pedigree.ru,300,"5664,122534,122542",plesk-01.mngt.mars.com,DATALINE RU,Up,100,FALSE,0,HTTP,0,1
3437707,https://professional.pedigree.ru,https://professional.pedigree.ru,300,"5664,122534,122542",plesk-01.mngt.mars.com,DATALINE RU,Up,100,FALSE,0,HTTP,0,1
3633943,https://promo.cesar.ru,https://promo.cesar.ru,300,5664,plesk-01.mngt.mars.com,DATALINE RU,Up,100,FALSE,0,HTTP,0,1
3687813,https://promo.pedigree.ru,https://promo.pedigree.ru,300,"5664,122534",promo-pedigree.mngt.mars.com,DATALINE RU,Up,100,FALSE,0,HTTP,0,1
3437703,https://promo.whiskas.ru,https://promo.whiskas.ru,300,"5664,122534",promo-whiskas.mngt.mars.com,DATALINE RU,Up,100,FALSE,0,HTTP,0,1
2806725,https://promo-zabota.ru,https://promo-zabota.ru,300,5664,plesk-01.mngt.mars.com,DATALINE RU,Up,100,FALSE,0,HTTP,0,1
116913,https://sheba.ru,https://sheba.ru,300,"5664,122534,122542",plesk-01.mngt.mars.com,DATALINE RU,Up,100,FALSE,0,HTTP,0,1
3687814,https://skittlespromo.ru,https://skittlespromo.ru,300,5664,skittles-promo.mngt.mars.com,DATALINE RU,Down,4.55,FALSE,0,HTTP,0,1
116942,https://snickers.ru,https://snickers.ru,300,5664,snickers.mngt.mars.com,DATALINE RU,Up,100,FALSE,0,HTTP,0,1
2806732,https://Whiskas.ru,https://Whiskas.ru,300,"5664,122534,122543",whiskas.mngt.mars.com,DATALINE RU,Up,100,FALSE,0,HTTP,0,1
3437701,https://whiskas-pedigree.ru,https://whiskas-pedigree.ru,300,"5664,122534,122542",whiskas-pedigree.mngt.mars.com,DATALINE RU,Up,100,FALSE,0,HTTP,0,1
2806747,https://worldanimalday.ru,https://worldanimalday.ru,300,"5664,122534,122541",plesk-01.mngt.mars.com,DATALINE RU,Up,100,FALSE,0,HTTP,0,1
2806717,Korkunov.ru,Korkunov.ru,300,5664,plesk-01.mngt.mars.com,DATALINE RU,Up,100,FALSE,0,HTTP,0,1
2806731,school.eukanuba.ru,school.eukanuba.ru,300,5664,plesk-01.mngt.mars.com,DATALINE RU,Up,100,FALSE,0,HTTP,0,1
116775,https://www.cesar.ru,https://www.cesar.ru,300,"5664,122532,122534",plesk-01.mngt.mars.com,DATALINE RU,Up,100,FALSE,0,HTTP,0,1
