TestID,WebsiteName,WebsiteURL,CheckRate,ContactGroup,TestTags,WebsiteHost,Paused,EnableSSLAlert,FollowRedirect,TriggerRate,Confirmation,Timeout
3811282,https://tousen.jp,https://tousen.jp,300,5664,dphk-vl-lamp01,DPHK-S,0,1,1,2,2,20
3110387,https://tracks.uk.pedigree.com,https://tracks.uk.pedigree.com,300,5664,dpuk-vl-pedigree-tracks-web01,DPUK-D,0,1,1,2,2,20
3110392,https://twixandcoffee.ch,https://twixandcoffee.ch,300,5664,dpuk-vl-web01,DPUK-S,0,1,1,2,2,20
116898,https://www.unclebens.ch,https://www.unclebens.ch,300,5664,dpuk-vl-lamp08,DPUK-S,0,1,1,2,2,20
3222585,https://www.unclebens.com.br,https://www.unclebens.com.br,300,5664,dpuk-vl-web01,DPUK-S,0,1,1,2,2,20
116696,https://unclebens.se,https://unclebens.se,300,5664,dpuk-vl-gdpr-web01,DPUK-S,0,1,1,2,2,20
3463317,https://unexpectedmars.com,https://unexpectedmars.com,300,5664,dpuk-vl-web02,dpuk-s,0,1,1,2,2,20
3462488,https://www.vyhraj300.cz,https://www.vyhraj300.cz,300,5664,dpuk-vl-web03,DPUK-S,0,1,1,2,2,20
3110409,https://webcc.mars.com,https://webcc.mars.com,300,5664,dpuk-vl-lamp08,DPUK-S,0,1,1,2,2,20
117684,https://webccdownloads.mars.com,https://webccdownloads.mars.com,300,5664,dpuk-vw-web11,DPHK-S,0,1,1,2,2,20
3110412,https://welttierwoche.de,https://welttierwoche.de,300,5664,dpuk-vl-marsonlinede01,DPUK-D,0,1,1,2,2,20
89150,https://www.whiskas.at,https://www.whiskas.at,300,5664,dpuk-vw-gdpr-web02,DPUK-S,0,1,1,2,2,20
3110413,https://whiskas.bg,https://whiskas.bg,300,5664,dpuk-vl-lamp09,DPUK-S,0,1,1,2,2,20
96728,https://www.whiskas.co.uk,https://www.whiskas.co.uk,300,5664,dpuk-vw-pet-web01,DPUK-S,0,1,1,2,2,20
117771,https://www.whiskas.de,https://www.whiskas.de,300,5664,dpuk-vw-pet-web02,DPUK-S,0,1,1,2,2,20
116893,https://www.whiskas.ee,https://www.whiskas.ee,300,5664,dpuk-vw-gdpr-web02,DPUK-S,0,1,1,2,2,20
117680,https://www.whiskas.es,https://www.whiskas.es,300,5664,dpuk-vw-pet-web01,DPUK-S,0,1,1,2,2,20
116740,https://www.whiskas.fi,https://www.whiskas.fi,300,5664,dpuk-vw-gdpr-web02,DPUK-S,0,1,1,2,2,20
3110416,https://www.whiskas.fr,https://www.whiskas.fr,300,5664,dpuk-vw-gdpr-web02,DPUK-S,0,1,1,2,2,20
3110417,https://whiskas.in,https://whiskas.in,300,5664,dpuk-vw-pet-web03,DPUK-S,0,1,1,2,2,20
116892,https://www.whiskas.it,https://www.whiskas.it,300,5664,dpuk-vw-gdpr-web02,DPUK-S,0,1,1,2,2,20
3110418,https://whiskas.lt,https://whiskas.lt,300,5664,dpuk-vw-pet-web02,DPUK-S,0,1,1,2,2,20
3110419,https://whiskas.marschina.com,https://whiskas.marschina.com,300,5664,dphk-vl-lamp02,DPHK-S,0,1,1,2,2,20
190943,https://www.whiskas.me,https://www.whiskas.me,300,5664,dpuk-vw-pet-web01,DPUK-S,0,1,1,2,2,20
3110420,https://whiskas.mx,https://whiskas.mx,300,5664,dpuk-vw-pet-web02,DPUK-S,0,1,1,2,2,20
116890,https://www.whiskas.pl,https://www.whiskas.pl,300,5664,dpuk-vw-gdpr-web02,DPUK-S,0,1,1,2,2,20
117818,https://www.whiskas.si,https://www.whiskas.si,300,5664,dpuk-vw-gdpr-web02,DPUK-S,0,1,1,2,2,20
3110421,https://whiskascanada.marsfb.com,https://whiskascanada.marsfb.com,300,5664,dpuk-vl-lamp11,DPUK-S,0,1,1,2,2,20
3110422,https://whiskascommunity.com,https://whiskascommunity.com,300,5664,dpuk-vw-pet-web01,DPUK-S,0,1,1,2,2,20
3110423,https://whiskasindonesia.com,https://whiskasindonesia.com,300,5664,dpuk-vw-pet-web02,DPUK-S,0,1,1,2,2,20
3582925,https://www.winwithcesar.com,https://www.winwithcesar.com,300,5664,dpuk-vl-web04,DPUK-D,0,1,1,2,2,20
3112454,https://winwithextra.com,https://winwithextra.com,300,"5664,9965",dpuk-vl-web03,DPUK-S,0,1,1,2,2,20
3110425,https://winwithmms.com,https://winwithmms.com,300,5664,dpuk-vl-lamp10,DPUK-S,0,1,1,2,2,20
1362980,https://winwithtwix.com,https://winwithtwix.com,300,5664,dpuk-vl-web01,DPUK-S,0,1,1,2,2,20
3178246,https://www.wrigley-timetoshine.at,https://www.wrigley-timetoshine.at,300,5664,dpuk-vl-web03,DPUK-S,0,1,1,2,2,20
