TestID,WebsiteName,WebsiteURL,CheckRate,ContactGroup,TestTags,WebsiteHost,EnableSSLAlert,FollowRedirect,TriggerRate,Confirmation,Timeout
200960,svvs-v-win-ecom-web01 and web02,209.143.250.164,300,"5664,99942","svvs-v-win-ecom-web01, svvs-v-win-ecom-web02",SVVS-PROD,0,1,2,2,20
77312,www.mymms.eu,www.mymms.eu,300,"5664,11469","svvs-v-win-web01, svvs-v-win-web02",SVVS-PROD,0,1,2,2,20
3112448,https://orbitduck.orbitgum.com,https://orbitduck.orbitgum.com,300,"5664,9965",svvs-v-rlx-wrigley-web01,SVVS-PROD,1,1,2,2,20
352001,https://www.supply2.mars.com,https://www.supply2.mars.com,300,"5664,7450,8491,26186",svvs-v-win-web03,SVVS-PROD,1,1,2,2,20
3598337,https://stage.wildfrontier.com,https://stage.wildfrontier.com,300,5664,svvs-v-win-stage-sf04,SVVS-STAGE,1,1,2,2,20
3110402,https://usmts-console.mars.com,https://usmts-console.mars.com,300,5664,svvs-v-win-web04,SVVS-PROD,1,1,2,2,20
3112450,rcredirects.mars.com,rcredirects.mars.com,300,"5664,9965",svvs-v-win-wrigley-web01,SVVS-PROD,0,1,2,2,20
77315,https://www.mymms.com,https://www.mymms.com,300,"5664,11469","svvs-v-win-ecom-web01, svvs-v-win-ecom-web02",SVVS-ECOM,1,1,2,2,20
90115,https://orbitgum.com,https://orbitgum.com,300,"5664,9965",svvs-v-rlx-wrigley-web01,SVVS-PROD,1,1,2,2,20
3110403,https://uspetcontact.mars.com/donotdelete.htm,https://uspetcontact.mars.com/donotdelete.htm,300,5664,svvs-v-win-web03,SVVS-PROD,1,1,2,2,20
3112451,www.skittlespawn.ca,www.skittlespawn.ca,300,"5664,9965",svvs-v-rlx-wrigley-web01,SVVS-PROD,0,1,2,2,20
3598339,stage-digitalstandards.mars.com,stage-digitalstandards.mars.com,300,5664,svvs-v-win-stage-sf04,SVVS-STAGE,0,1,2,2,20
3107844,www.marsmps.com,www.marsmps.com,300,5664,svvs-v-win-web04,SVVS-PROD,0,1,2,2,20
397061,www.eukanuba.com,www.eukanuba.com,300,"5664,8491",svvs-v-win-sf-web04,SVVS-ECOM,0,1,2,2,20
77317,https://recycleyourfreshpacks.com,https://recycleyourfreshpacks.com,300,"5664,7450,8491","svvs-v-win-web01, svvs-v-win-web02",SVVS-PROD,1,1,2,2,20
3108101,https://profile.mars.com,https://profile.mars.com,300,5664,svvs-v-win-web03,SVVS-PROD,1,1,2,2,20
77318,https://www.seedsofchange.com,https://www.seedsofchange.com,300,"5664,7450,8491",svvs-v-win-sf-web03,SVVS-ECOM,1,1,2,2,20
90119,www.juicyfruit.com,www.juicyfruit.com,300,5664,svvs-v-rlx-wrigley-web01,SVVS-PROD,0,1,2,2,20
3107335,https://dev.mars.com,https://dev.mars.com,300,5664,"svvs-v-win-stage-sf01, svvs-v-win-stage-sf02",SVVS-STAGE,1,1,2,2,20
90120,www.eclipsegum.com,www.eclipsegum.com,300,"5664,9965",svvs-v-win-wrigley-web01,SVVS-PROD,0,1,2,2,20
3107336,https://dev.marsgfsc.com,https://dev.marsgfsc.com,300,5664,svvs-v-win-stage-sf03,SVVS-STAGE,1,1,2,2,20
444424,https://www.iams.com,https://www.iams.com,300,"5664,99942",svvs-v-win-sf-web04,SVVS-PROD,1,1,2,2,20
3107852,https://meetsmart.mars.com,https://meetsmart.mars.com,300,5664,svvs-v-win-web04,SVVS-PROD,1,1,2,2,20
77325,https://digitalfooter.mars.com,https://digitalfooter.mars.com,300,5664,"svvs-v-win-web01, svvs-v-win-web02",SVVS-PROD,1,1,2,2,20
3110414,https://www.whiskas.com.ar,https://www.whiskas.com.ar,300,5664,svvs-v-rlx-web01,SVVS-PROD,1,1,2,2,20
3110415,https://whiskas.com.br,https://whiskas.com.br,300,5664,svvs-v-win-web03,SVVS-PROD,1,1,2,2,20
3598351,marsisredirects.mars.com,marsisredirects.mars.com,300,5664,"svvs-v-win-web01, svvs-v-win-web02",SVVS-PROD,0,1,2,2,20
113941,https://stage.mmsworld.com,https://stage.mmsworld.com,300,5664,"svvs-v-win-stage-web01, svvs-v-win-stage-web02",SVVS-STAGE,0,1,2,2,20
3598357,incentive.wrigley.com,incentive.wrigley.com,300,5664,svvs-v-win-web04,SVVS-PROD,0,1,2,2,20
113942,https://stage-footer-admin.mars.com,https://stage-footer-admin.mars.com,300,"5664,8491","svvs-v-win-stage-web01, svvs-v-win-stage-web02",SVVS-STAGE,1,1,2,2,20
113943,https://stage-footer.mars.com,https://stage-footer.mars.com,300,5664,"svvs-v-win-stage-web01, svvs-v-win-stage-web02",SVVS-STAGE,1,1,2,2,20
3108123,https://retroapproval.mars.com,https://retroapproval.mars.com,300,5664,"svvs-v-win-web01, svvsv-win-web02",SVVS-PROD,1,1,2,2,20
113947,stage.proshop.royalcanin.com.au,stage.proshop.royalcanin.com.au,300,5664,"svvs-v-win-stage-web01, svvs-v-win-stage-web02",SVVS-STAGE,0,1,2,2,20
3853857,https://sourskittles4singles.ca _ under decommission ( KHP-506-32173 ),https://sourskittles4singles.ca,300,5664,svvs-v-rlx-wrigley-web01,SVVS-PROD,1,1,2,2,20
3110183,sphostedapps.mars.com,sphostedapps.mars.com,300,5664,svvs-v-win-web03,SVVS-PROD,0,1,2,2,20
3110185,https://stg.seedsofchange.com,https://stg.seedsofchange.com,300,5664,svvs-v-win-stage-sf04,SVVS-STAGE,1,1,2,2,20
3102508,https://stage.eukanuba.com,https://stage.eukanuba.com,300,"5664,8491",svvs-v-win-stage-sf03,SVVS-STAGE,1,1,2,2,20
3832108,https://www.bettercitiesforpets.com,https://www.bettercitiesforpets.com,300,5664,svvs-v-rlx-web01,SVVS-PROD,1,1,2,2,20
3533613,https://kitten.whiskas.ua,https://kitten.whiskas.ua,300,5664,svvs-v-win-pf-web01,SVVS-PROD,1,1,2,2,20
3883310,https://www.mars.co.id,https://www.mars.co.id,300,5664,svvs-v-win-web05,SVVS-PROD,1,1,2,2,20
