WebsiteName,WebsiteURL,CheckRate,ContactGroup,TestTags,WebsiteHost
https://1af.pedigree.ru,https://1af.pedigree.ru,300,5664,Dataline RU,DATALINE RU
https://eukanuba.ru,https://eukanuba.ru,300,5664,Dataline RU,DATALINE RU
https://marspassion.ru,https://marspassion.ru,300,5664,Dataline RU,DATALINE RU
https://orbit-promo.ru ,https://orbit-promo.ru ,300,5664,Dataline RU,DATALINE RU
https://promo.pedigree.ru,https://promo.pedigree.ru,300,5664,Dataline RU,DATALINE RU
https://skittlespromo.ru,https://skittlespromo.ru,300,5664,Dataline RU,DATALINE RU
