TestID,Paused,WebsiteURL,WebsiteURL,CheckRate,ContactGroup,Status,TestTags,WebSite Host
2806735,FALSE,https://5gum.ru,https://5gum.ru,300,5664,Up,Dataline RU,Dataline RU
116778,FALSE,https://catsan.ru,https://catsan.ru,300,"5664,122534",Up,Dataline RU,Dataline RU
117713,FALSE,https://chappi.ru,https://chappi.ru,300,"5664,122534",Up,Dataline RU,Dataline RU
3482944,FALSE,https://dixypromo.ru,https://dixypromo.ru,300,5664,Up,Dataline RU,Dataline RU
116684,FALSE,https://dreamies.ru,https://dreamies.ru,300,"5664,122534,122530",Up,Dataline RU,Dataline RU
116762,FALSE,https://kitekat.ru,https://kitekat.ru,300,"5664,122534,122530",Up,Dataline RU,Dataline RU
2806733,FALSE,https://Lubimchik.ru,https://Lubimchik.ru,300,5664,Up,Dataline RU,Dataline RU
3471269,FALSE,https://mms-promo.ru,https://mms-promo.ru,300,5664,Up,Dataline RU,Dataline RU
3437702,FALSE,https://mydreammama.ru,https://mydreammama.ru,300,"5664,122534,122540",Up,Dataline RU,Dataline RU
2806721,FALSE,https://pedigree.ru,https://pedigree.ru,300,"5664,122534,122530",Up,Dataline RU,Dataline RU
371843,FALSE,https://perfectfit.ru,https://perfectfit.ru,300,"5664,122534,122530",Up,Dataline RU,Dataline RU
3437703,FALSE,https://promo.whiskas.ru,https://promo.whiskas.ru,300,"5664,122534",Up,Dataline RU,Dataline RU
2806725,FALSE,https://promo-zabota.ru,https://promo-zabota.ru,300,5664,Up,Dataline RU,Dataline RU
116913,FALSE,https://sheba.ru,https://sheba.ru,300,5664,Up,Dataline RU,Dataline RU
116942,FALSE,https://snickers.ru,https://snickers.ru,300,5664,Up,Dataline RU,Dataline RU
2806732,FALSE,https://Whiskas.ru,https://Whiskas.ru,300,"5664,122534,122540",Up,Dataline RU,Dataline RU
3437701,FALSE,https://whiskas-pedigree.ru,https://whiskas-pedigree.ru,300,"5664,122534,122540",Up,Dataline RU,Dataline RU
2806747,FALSE,https://worldanimalday.ru,https://worldanimalday.ru,300,"5664,122534,122540",Up,Dataline RU,Dataline RU
