WebsiteName,WebsiteURL,TestTags,WebsiteHost,CheckRate,ContactGroup
www.whiskas-pedigree.ru,www.whiskas-pedigree.ru,Dataline RU,Dataline RU,300,"122534,122542"
www.mydreammama.ru,www.mydreammama.ru,Dataline RU,Dataline RU,300,"122534,122542"
promo.whiskas.ru,promo.whiskas.ru,Dataline RU,Dataline RU,300,122534
promo.pedigree.ru,promo.pedigree.ru,Dataline RU,Dataline RU,300,122534
www.sheba.ru,www.sheba.ru,Dataline RU,Dataline RU,300,"122534,122542"
prof.pedigree.ru,prof.pedigree.ru,Dataline RU,Dataline RU,300,"122534,122542"
professional.pedigree.ru,professional.pedigree.ru,Dataline RU,Dataline RU,300,"122534,122542"
