{"data":[{"id":"75470","paused":true,"name":"https:\/\/mars.com","website_url":"https:\/\/mars.com","test_type":"HTTP","check_rate":30,"contact_groups":["161503","199857"],"status":"up","tags":["Externally Hosted"],"uptime":0},{"id":"75677","paused":false,"name":"https:\/\/pedigree.com","website_url":"https:\/\/pedigree.com","test_type":"HTTP","check_rate":30,"contact_groups":["151937","218922"],"status":"up","tags":["Externally Hosted"],"uptime":100},{"id":"75690","paused":false,"name":"https:\/\/nutro.com","website_url":"https:\/\/nutro.com","test_type":"HTTP","check_rate":30,"contact_groups":["8491","244583"],"status":"up","tags":["Externally Hosted"],"uptime":100},{"id":"75760","paused":false,"name":"https:\/\/skittles.com","website_url":"https:\/\/skittles.com","test_type":"HTTP","check_rate":30,"contact_groups":["9965","238208","254331"],"status":"up","tags":["Externally Hosted"],"uptime":100},{"id":"77311","paused":false,"name":"https:\/\/footer.mars.com\/js\/footer.js.aspx?airwaves-fr","website_url":"https:\/\/footer.mars.com\/js\/footer.js.aspx?airwaves-fr","test_type":"HTTP","check_rate":30,"contact_groups":["244583"],"status":"up","tags":["externalhosting-non-pci-prod"],"uptime":100},{"id":"77314","paused":false,"name":"https:\/\/ethelm.com","website_url":"https:\/\/ethelm.com","test_type":"HTTP","check_rate":30,"contact_groups":["11469"],"status":"up","tags":["Externally Hosted"],"uptime":100},{"id":"77315","paused":false,"name":"https:\/\/mymms.com","website_url":"https:\/\/mymms.com","test_type":"HTTP","check_rate":30,"contact_groups":["246310"],"status":"up","tags":["Externally Hosted"],"uptime":100},{"id":"77375","paused":false,"name":"https:\/\/pedigreefoundation.org","website_url":"https:\/\/pedigreefoundation.org","test_type":"HTTP","check_rate":30,"contact_groups":["5664"],"status":"up","tags":["dpuk-vl-web05"],"uptime":100},{"id":"77396","paused":false,"name":"https:\/\/mymms.be","website_url":"https:\/\/mymms.be","test_type":"HTTP","check_rate":30,"contact_groups":["246310"],"status":"up","tags":["Externally Hosted"],"uptime":100},{"id":"77397","paused":false,"name":"https:\/\/mymms.co.uk","website_url":"https:\/\/mymms.co.uk","test_type":"HTTP","check_rate":30,"contact_groups":["246310"],"status":"up","tags":["Externally Hosted"],"uptime":100},{"id":"77398","paused":false,"name":"https:\/\/mymms.de","website_url":"https:\/\/mymms.de","test_type":"HTTP","check_rate":30,"contact_groups":["246310"],"status":"down","tags":["Externally Hosted"],"uptime":0},{"id":"77400","paused":false,"name":"https:\/\/mymms.fr","website_url":"https:\/\/mymms.fr","test_type":"HTTP","check_rate":30,"contact_groups":["246310"],"status":"up","tags":["Externally Hosted"],"uptime":100},{"id":"77401","paused":false,"name":"https:\/\/mymms.it","website_url":"https:\/\/mymms.it","test_type":"HTTP","check_rate":30,"contact_groups":["246310"],"status":"down","tags":["Externally Hosted"],"uptime":0},{"id":"77402","paused":false,"name":"https:\/\/mymms.nl","website_url":"https:\/\/mymms.nl","test_type":"HTTP","check_rate":30,"contact_groups":["246310"],"status":"up","tags":["Externally Hosted"],"uptime":100},{"id":"81681","paused":false,"name":"https:\/\/contact.mars.com\/donotdelete.htm","website_url":"https:\/\/contact.mars.com\/donotdelete.htm","test_type":"HTTP","check_rate":30,"contact_groups":["244583"],"status":"up","tags":["dpuk-vw-web11"],"uptime":100},{"id":"81798","paused":false,"name":"https:\/\/mypedigree.ca","website_url":"https:\/\/mypedigree.ca","test_type":"HTTP","check_rate":30,"contact_groups":["5664"],"status":"up","tags":["dpuk-vw-pet-web03"],"uptime":100},{"id":"81799","paused":true,"name":"https:\/\/whiskas.ca","website_url":"https:\/\/whiskas.ca","test_type":"HTTP","check_rate":30,"contact_groups":["5664"],"status":"up","tags":["dpuk-vw-pet-web01"],"uptime":0},{"id":"89150","paused":false,"name":"https:\/\/whiskas.at","website_url":"https:\/\/whiskas.at","test_type":"HTTP","check_rate":30,"contact_groups":["5664"],"status":"up","tags":["dpuk-vw-gdpr-web02"],"uptime":100},{"id":"89153","paused":false,"name":"https:\/\/waltham.com","website_url":"https:\/\/waltham.com","test_type":"HTTP","check_rate":30,"contact_groups":["161503","199857"],"status":"up","tags":["Externally Hosted"],"uptime":100},{"id":"89155","paused":false,"name":"https:\/\/pedigree.jp","website_url":"https:\/\/pedigree.jp","test_type":"HTTP","check_rate":30,"contact_groups":["5664"],"status":"up","tags":["dphk-vw-web04"],"uptime":100},{"id":"89166","paused":true,"name":"https:\/\/whiskas.com - TASK54134236","website_url":"https:\/\/whiskas.com","test_type":"HTTP","check_rate":30,"contact_groups":["238208"],"status":"up","tags":[],"uptime":0},{"id":"89167","paused":false,"name":"https:\/\/bensoriginal.com","website_url":"https:\/\/bensoriginal.com","test_type":"HTTP","check_rate":30,"contact_groups":["151937","226852"],"status":"up","tags":["Externally Hosted"],"uptime":100},{"id":"89170","paused":false,"name":"https:\/\/sheba.com","website_url":"https:\/\/sheba.com","test_type":"HTTP","check_rate":30,"contact_groups":["238208"],"status":"up","tags":["External Hosted"],"uptime":100},{"id":"89788","paused":true,"name":"https:\/\/whiskas.com.au","website_url":"https:\/\/whiskas.com.au","test_type":"HTTP","check_rate":30,"contact_groups":["5664"],"status":"up","tags":["dphk-vw-web04"],"uptime":0},{"id":"90172","paused":false,"name":"https:\/\/masterfoods.com.au","website_url":"https:\/\/masterfoods.com.au","test_type":"HTTP","check_rate":30,"contact_groups":["8491","244583"],"status":"up","tags":["Externally Hosted"],"uptime":100}],"metadata":{"page":1,"per_page":25,"page_count":28,"total_count":682}}