TestID,Paused,WebsiteName,WebsiteURL,CheckRate,ContactGroup,Status,TestTags,WebSite Host
3105745,FALSE,authenticate.mars.com,https://authenticate.mars.com,300,"5664,8491",Up,dpuk-vw-web09,DPUK-S
81680,FALSE,catalog.mars.com,catalog.mars.com,300,"5664,8491",Up,dpuk-vw-web09,DPUK-S
117563,FALSE,footer-admin.mars.com,footer-admin.mars.com,300,"5664,8491",Up,"svvs-v-win-web01,svvs-v-win-web02",SVVS-PROD
570217,FALSE,https://breeders.royalcanin.com.au,https://breeders.royalcanin.com.au,300,"5664,8491",Up,dphk-v-win-sf-web01,DPHK-S
354981,FALSE,https://stage.customer.mars.com/,https://stage.customer.mars.com/,300,"5664,8491",Up,"svvs-v-win-stage-sf01,svvs-v-win-stage-sf02",SVVS-STAGE
747657,FALSE,https://stage.supplier.mars.com/,https://stage.supplier.mars.com/,300,"5664,8491",Up,svvs-v-win-stage-web03,SVVS-STAGE
116302,FALSE,https://www.mars-foodservice.fr,https://www.mars-foodservice.fr,300,"5664,8491",Up,dpuk-vw-sitefinity-web01,DPUK-S
1290639,FALSE,ksw.mymms.eu,ksw.mymms.eu,300,"5664,8491",Up,"svvs-v-win-ecom-web01,svvs-v-win-ecom-web02",SVVS-ECOM
242077,FALSE,marketplace.mymms.eu,marketplace.mymms.eu,300,"5664,8491",Up,"svvs-v-win-ecom-web01,svvs-v-win-ecom-web02",SVVS-ECOM
180439,FALSE,martiansreunited.com,martiansreunited.com,300,"5664,8491",Up,dpuk-vw-web09,DPUK-S
223201,FALSE,mmccertification.mars.com,mmccertification.mars.com,300,"5664,8491",Up,dpuk-vw-web10,DPUK-S
570213,FALSE,stage.breeders.royalcanin.com.au,stage.breeders.royalcanin.com.au,300,"5664,8491",Up,dphk-v-win-sf-web01,DPHK-S
117905,FALSE,stage.catalog.mars.com,stage.catalog.mars.com,300,"5664,8491",Up,dpuk-vw-web09,DPUK-S
3102392,FALSE,stage.doe.mars.com,stage.doe.mars.com,300,"5664,8491",Up,dpuk-vw-web08,DPUK-S
3102394,FALSE,stage.dolmio.co.uk,stage.dolmio.co.uk,300,"5664,8491",Up,dpuk-vw-web08,DPUK-S
117816,FALSE,stage.ebly.fr,stage.ebly.fr,300,"5664,8491",Up,dpuk-vw-web07,DPUK-S
3102508,FALSE,stage.eukanuba.com,stage.eukanuba.com,300,"5664,8491",Up,svvs-v-win-stage-sf03,SVVS-STAGE
3102518,FALSE,stage.farmerincomelab.com,https://stage.farmerincomelab.com,300,"5664,8491",Up,dpuk-vw-web11,DPUK-S
117814,FALSE,stage.galaxychocolate.co.uk,stage.galaxychocolate.co.uk,300,"5664,8491",Up,dpuk-vw-web07,DPUK-S
3102524,FALSE,stage.goodnessknows.com,stage.goodnessknows.com,300,"5664,8491",Up,svvs-v-win-stage-sf03,SVVS-STAGE
3102711,FALSE,stage.ksw.mymms.eu,stage.ksw.mymms.eu,300,"5664,8491",Up,"svvs-v-win-stage-web01,svvs-v-win-stage-web02",SVVS-STAGE
3102714,FALSE,stage.marketplace.mymms.eu,stage.marketplace.mymms.eu,300,"5664,8491",Up,"svvs-v-win-stage-web01,svvs-v-win-stage-web02",SVVS-STAGE
3102715,FALSE,stage.mars.com,stage.mars.com,300,"5664,8491",Up,"svvs-v-win-stage-sf01,svvs-v-win-stage-sf02",SVVS-STAGE
3103184,FALSE,stage.marschocolate.com,stage.marschocolate.com,300,"5664,8491",Up,svvs-v-win-stage-sf03,SVVS-STAGE
116221,FALSE,stage.mars-foodservice.co.uk,stage.mars-foodservice.co.uk,300,"5664,8491",Up,dpuk-vw-sitefinity-stage,DPUK-S
3103187,FALSE,stage.marsfoodservices.com,https://stage.marsfoodservices.com,300,"5664,8491",Up,svvs-v-win-stage-sf03,SVVS-STAGE
3103190,FALSE,stage.marsnutrition.co.uk,stage.marsnutrition.co.uk,300,"5664,8491",Up,dpuk-vw-web11,DPUK-S
3103194,FALSE,stage.marsverkoop.nl,https://stage.marsverkoop.nl,300,"5664,8491",Up,dpuk-vw-sitefinity-stage01,DPUK-S
3103202,FALSE,stage.nuba.mars.com,stage.nuba.mars.com,300,"5664,8491",Up,dpuk-vw-web10,DPUK-S
3104888,FALSE,stage.nutro.ca,stage.nutro.ca,300,"5664,8491",Up,"svvs-v-win-stage-web01,svvs-v-win-stage-web02",SVVS-STAGE
113947,FALSE,stage.proshop.royalcanin.com.au,stage.proshop.royalcanin.com.au,300,"5664,8491",Up,"svvs-v-win-stage-web01,svvs-v-win-stage-web02",SVVS-STAGE
3104905,FALSE,stage.recycleyourfreshpacks.com,stage.recycleyourfreshpacks.com,300,"5664,8491",Up,"svvs-v-win-stage-web01,svvs-v-win-stage-web02",SVVS-STAGE
3105156,FALSE,stage.seedsofchange.co.uk,stage.seedsofchange.co.uk,300,"5664,8491",Up,dpuk-vw-sifefinity-stage,DPUK-S
117903,FALSE,stage.sharedservices.mars.com,stage.sharedservices.mars.com,300,"5664,8491",Up,dpuk-vw-web09,DPUK-S
117869,FALSE,stage.suziwan.fr,stage.suziwan.fr,300,"5664,8491",Up,dpuk-vw-sitefinity-stage01,DPUK-S
1958393,FALSE,stage.sweetnightsin.co.uk,stage.sweetnightsin.co.uk,300,"5664,8491",Up,dpuk-vw-sweetnights,DPUK-D
3105172,FALSE,stage.unclebens.com,stage.unclebens.com,300,"5664,8491",Up,svvs-v-win-stage-sf03,SVVS-STAGE
3105434,FALSE,stage.wer4pets.com,stage.wer4pets.com,300,"5664,8491",Up,dphk-v-win-sf-web01,DPHK-S
3105448,FALSE,stage-beginners.unclebens.com,stage-beginners.unclebens.com,300,"5664,8491",Up,"svvs-v-win-stage-sf01,svvs-v-win-stage-sf02",SVVS-STAGE
3105630,FALSE,stage-ebusiness.mars.com,https://stage-ebusiness.mars.com,300,"5664,8491",Up,dpuk-vw-web10,DPUK-S
113942,FALSE,stage-footer-admin.mars.com,stage-footer-admin.mars.com,300,"5664,8491",Up,"svvs-v-win-stage-web01,svvs-v-win-stage-web02",SVVS-STAGE
3105635,FALSE,stage-ImpulseMarketplace.mars.com,https://stage-ImpulseMarketplace.mars.com,300,"5664,8491",Up,dpuk-vw-web09,DPUK-S
3105639,FALSE,stage-marketingportal.mars.com,stage-marketingportal.mars.com,300,"5664,8491",Up,"svvs-v-win-stage-sf01,svvs-v-win-stage-sf02",SVVS-STAGE
3105645,FALSE,stage-mmccertification.mars.com,https://stage-mmccertification.mars.com,300,"5664,8491",Up,dpuk-vw-web10,DPUK-S
3105653,FALSE,stage-nubaservice.mars.com,https://stage-nubaservice.mars.com,300,"5664,8491",Up,dpuk-vw-web10,DPUK-S
3105656,FALSE,stage-productcentral.mars.com,stage-productcentral.mars.com,300,"5664,8491",Up,svvs-v-win-stage-sf04,SVVS-STAGE
3105658,FALSE,stage-qfs-warehouses.mars.com,https://stage-qfs-warehouses.mars.com,300,"5664,8491",Up,svvs-v-win-stage-web03,SVVS-STAGE
3105660,FALSE,stage-refresh2017.nutro.com,stage-refresh2017.nutro.com,300,"5664,8491",Up,"svvs-v-win-stage-sf01,svvs-v-win-stage-sf02",SVVS-STAGE
90433,FALSE,www.balisto.fr,www.balisto.fr,300,"5664,8491",Up,dpuk-vl-lamp05,DPUK-S
117896,FALSE,www.ceipagroupemars.com,www.ceipagroupemars.com,300,"5664,8491",Up,dpuk-vw-web09,DPUK-S
3107311,FALSE,www.contact.mars.com,https://contact.mars.com,300,"5664,8491",Up,dpuk-vw-web11,DPUK-S
117860,FALSE,www.doe.mars.com,www.doe.mars.com,300,"5664,8491",Up,dpuk-vw-web08,DPUK-S
117859,FALSE,www.dolmio.co.uk,www.dolmio.co.uk,300,"5664,8491",Up,dpuk-vw-web08,DPUK-S
3107707,TRUE,www.ebly.com,https://ebly.com,300,"5664,8491",Down,dpuk-vw-sitefinity-web01,DPUK-S
117801,TRUE,www.ebly.fr,www.ebly.fr,300,"5664,8491",Down,dpuk-vw-web07,DPUK-S
117756,FALSE,www.ebusiness.mars.com,www.ebusiness.mars.com,300,"5664,8491",Up,dpuk-vw-web11,DPUK-S
397061,FALSE,www.eukanuba.com,www.eukanuba.com,300,"5664,8491",Up,svvs-v-win-sf-web04,SVVS-ECOM
3107719,FALSE,www.farmerincomelab.com,https://farmerincomelab.com,300,"5664,8491",Up,dpuk-vw-web11,DPUK-S
3107725,FALSE,www.galaxychocolate.co.uk,https://galaxychocolate.co.uk,300,"5664,8491",Up,dpuk-vw-web07,DPUK-S
77372,FALSE,www.goodnessknows.com,www.goodnessknows.com,300,"5664,8491",Up,svvs-v-win-sf-web03,SVVS-ECOM
3107826,FALSE,www.marketingportal.mars.com,https://marketingportal.mars.com,300,"5664,8491",Up,"svvs-v-win-sf-web01,svvs-v-win-sf-web02",SVVS-ECOM
3107831,FALSE,www.marschocolate.com,www.marschocolate.com,300,"5664,8491",Up,svvs-v-win-sf-web04,SVVS-ECOM
117853,FALSE,www.mars-foodservice.be,www.mars-foodservice.be,300,"5664,8491",Up,dpuk-vw-web08,DPUK-S
116303,FALSE,www.mars-foodservice.co.uk,www.mars-foodservice.co.uk,300,"5664,8491",Up,dpuk-vw-sitefinity-web01,DPUK-S
117851,FALSE,www.mars-foodservice.ie,www.mars-foodservice.ie,300,"5664,8491",Up,dpuk-vw-web08,DPUK-S
117888,FALSE,www.marsinthecommunity.co.uk,www.marsinthecommunity.co.uk,300,"5664,8491",Up,dpuk-vw-web09,DPUK-S
117706,FALSE,www.marsnutrition.co.uk,www.marsnutrition.co.uk,300,"5664,8491",Up,dpuk-vw-web11,DPUK-S
3107850,FALSE,www.marsverkoop.nl,https://marsverkoop.nl,300,"5664,8491",Up,dpuk-vw-sitefinity-web01,DPUK-S
114618,FALSE,www.m-ms.at,www.m-ms.at,300,"5664,8491",Up,dpuk-vw-mmseu-web-prod,DPUK-D
117789,FALSE,www.m-ms.be,www.m-ms.be,300,"5664,8491",Up,dpuk-vl-lamp10,DPUK-S
173855,FALSE,www.m-ms.cz,www.m-ms.cz,300,"5664,8491",Up,dpuk-vl-lamp09,DPUK-S
114616,FALSE,www.m-ms.de,www.m-ms.de,300,"5664,8491",Up,dpuk-vl-lamp08,DPUK-S
116675,FALSE,www.m-ms.ee,www.m-ms.ee,300,"5664,8491",Up,dpuk-vl-lamp05,DPUK-S
116674,FALSE,www.m-ms.lt,www.m-ms.lt,300,"5664,8491",Up,dpuk-vl-lamp05,DPUK-S
116673,FALSE,www.m-ms.lv,www.m-ms.lv,300,"5664,8491",Up,dpuk-vl-lamp05,DPUK-S
114609,FALSE,www.m-ms.pt,www.m-ms.pt,300,"5664,8491",Up,dpuk-vl-lamp07,DPUK-S
90709,FALSE,www.nuba.mars.com,www.nuba.mars.com,300,"5664,8491",Up,dpuk-vw-web11,DPUK-S
3107955,FALSE,www.nubaservice.mars.com,https://nubaservice.mars.com,300,"5664,8491",Up,dpuk-vw-web10,DPUK-S
77364,FALSE,www.nutro.ca,https://nutro.ca,300,"5664,8491",Up,"svvs-v-win-sf-web01,svvs-v-win-sf-web02",SVVS-PROD
117831,FALSE,www.seedsofchange.co.uk,www.seedsofchange.co.uk,300,"5664,8491",Up,dpuk-vw-sitefinity-web01,DPUK-S
77365,FALSE,www.sharedservices.mars.com,www.sharedservices.mars.com,300,"5664,8491",Up,"svvs-v-win-corp-web01,svvs-v-win-corp-web02",SVVS-PROD
117807,FALSE,www.stage.sweetsundays.co.uk,www.stage.sweetsundays.co.uk,300,"5664,8491",Up,dpuk-vw-sweetsundays,DPUK-D
117826,FALSE,www.suziwan.be,www.suziwan.be,300,"5664,8491",Up,dpuk-pw-sitefinity-wb,DPUK-S
3110190,FALSE,www.suziwan.fr,https://suziwan.fr,300,"5664,8491",Up,dpuk-vw-sitefinity-web01,DPUK-S
117686,FALSE,www.suziwan.it,www.suziwan.it,300,"5664,8491",Up,dpuk-pw-sitefinity-wb,DPUK-S
1958394,FALSE,www.sweetnightsin.co.uk,sweetnightsin.co.uk,300,"5664,8491",Up,dpuk-vw-sweetnights,DPUK-D
116657,FALSE,www.unclebens.co.uk,www.unclebens.co.uk,300,"5664,8491",Up,dpuk-vl-lamp05,DPUK-S
116938,FALSE,www.wer4pets.com,www.wer4pets.com,300,"5664,8491",Up,dphk-v-win-sf-web01,DPHK-S
