TestID,WebsiteName,WebsiteURL,WebsiteHost,TestTags,ContactGroup,PublicKey,CheckRate
114530,leads.marsdrinks.co.uk,leads.marsdrinks.co.uk,DPUK-D,dpuk-vw-marsdrinks,5664,OjpbRLbVwY,300
112988,mars4vets.co.uk,mars4vets.co.uk,DPUK-D,dpuk-vl-marsonlinede01,5664,1i6M5mlbrJ,300
161749,dpuk-pw-chocolate.mars-inc.com,dpuk-pw-chocolate.mars-inc.com,DPUK-D,dpuk-pw-chocolate,5664,B8nnIPD93p,300
116715,www.oralatp.com.au,www.oralatp.com.au,DPHK-S,dphk-vw-web01,"5664,9965",xp5cbQKouj,300
1799859,www.pedigree.it,www.pedigree.it,DPUK-S,dpuk-vw-pet-web02,"5664,8491",PkiakwS3Xi,300
77312,www.mymms.eu,www.mymms.eu,SVVS-PROD,"svvs-v-win-web01,svvsv-win-web02,svvs-v-win-web01,svvsv-win-web02","5664,11469",e9l4FLmNLN,300
