TestID,WebsiteName,WebsiteURL,CheckRate,Timeout,TriggerRate,Confirmation
5830434,https://ch.bekindsnacks.com/de,https://ch.bekindsnacks.com/de,30,10,1,3
5830436,https://be.bekindsnacks.com/nl,https://be.bekindsnacks.com/nl,30,10,1,3
5830439,https://be.bekindsnacks.com/be-de,https://be.bekindsnacks.com/be-de,30,10,1,3
5830443,https://be.bekindsnacks.com/be-fr,https://be.bekindsnacks.com/be-fr,30,10,1,3
5830445,https://de.bekindsnacks.com/de-de,https://de.bekindsnacks.com/de-de,30,10,1,3
5830449,https://nl.bekindsnacks.com/nl-nl,https://nl.bekindsnacks.com/nl-nl,30,10,1,3
5830450,https://il.bekindsnacks.com/he,https://il.bekindsnacks.com/he,30,10,1,3
5830452,https://dk.bekindsnacks.com/da,https://dk.bekindsnacks.com/da,30,10,1,3
5830455,https://fr.bekindsnacks.com/fr-fr,https://fr.bekindsnacks.com/fr-fr,30,10,1,3
5830456,https://ru.bekindsnacks.com/ru,https://ru.bekindsnacks.com/ru,30,10,1,3
5830459,https://at.bekindsnacks.com/at-de,https://at.bekindsnacks.com/at-de,30,10,1,3
5830463,https://me.bekindsnacks.com/ar,https://me.bekindsnacks.com/ar,30,10,1,3
5830466, https://es.bekindsnacks.com/es,https://es.bekindsnacks.com/es,30,10,1,3
5830475,https://it.bekindsnacks.com/it-it,https://it.bekindsnacks.com/it-it,30,10,1,3
5830479,https://sk.bekindsnacks.com/sk,https://sk.bekindsnacks.com/sk,30,10,1,3
5830482,https://mx.bekindsnacks.com,https://mx.bekindsnacks.com,30,10,1,3
5830483,https://se.bekindsnacks.com,https://se.bekindsnacks.com,30,10,1,3
5830485,https://fi.bekindsnacks.com,https://fi.bekindsnacks.com,30,10,1,3
5830486,https://jp.bekindsnacks.com,https://jp.bekindsnacks.com,30,10,1,3
5830488,https://pt.bekindsnacks.com/pt-pt,https://pt.bekindsnacks.com/pt-pt,30,10,1,3
5830489,https://hk.bekindsnacks.com/zh-hant,https://hk.bekindsnacks.com/zh-hant,30,10,1,3
5830490,https://hk.bekindsnacks.com,https://hk.bekindsnacks.com,30,10,1,3
5830498,https://au.bekindsnacks.com,https://au.bekindsnacks.com,30,10,1,3
5830500,https://no.bekindsnacks.com/nn,https://no.bekindsnacks.com/nn,30,10,1,3
5832230,https://pl.bekindsnacks.com,https://pl.bekindsnacks.com,30,10,1,3
5836233,https://askpets.ru,https://askpets.ru,30,10,1,3
5846896,https://perfect-fit.pl,https://perfect-fit.pl,30,10,1,3
5846897,https://perfect-fit.at,https://perfect-fit.at,30,10,1,3
5884138,https://marsveterinary.com,https://marsveterinary.com,30,10,1,3
5888648,https://buckeyenutrition.com,https://buckeyenutrition.com,30,10,1,3
5893155,https://marsidea.ru,https://marsidea.ru,30,10,1,3
5896447,https://nutropetfood.fr,https://nutropetfood.fr,30,10,1,3
5897017,https://cafr.tastybite.com,https://cafr.tastybite.com,30,10,1,3
5897020,https://ca.tastybite.com,https://ca.tastybite.com,30,10,1,3
5899576,https://nutro.it,https://nutro.it,30,10,1,3
5914048,https://nutro.es/,https://nutro.es/,30,10,1,3
5914147,https://nutro.es,https://nutro.es,30,10,1,3
5917975,https://perfect-fit.co.uk/,https://perfect-fit.co.uk/,30,10,1,3
5921495,https://dogstudy.ru,https://dogstudy.ru,30,10,1,3
5932828,https://aws-vpn-useast1.mars-inc.com,https://aws-vpn-useast1.mars-inc.com,30,10,1,3
5934169,https://shebahopegrows.com,https://shebahopegrows.com,30,10,1,3
5942423,https://promo.kitekat.ru,https://promo.kitekat.ru,30,10,1,3
5948536,https://football.m-ms.pt ,https://football.m-ms.pt,30,10,1,3
5949474,https://snickersfootball.lv ,https://snickersfootball.lv,30,10,1,3
5949608,https://catfriendly.ru ,https://catfriendly.ru,30,10,1,3
5949752,https://nutro.ru,https://nutro.ru,30,10,1,3
5952424,https://registration-mars.ru,https://registration-mars.ru,30,10,1,3
5953758,https://tastybite.com,https://tastybite.com,30,10,1,3
5954546,https://kototherapy.ru,https://kototherapy.ru,30,10,1,3
5954557,https://marspetcarecollege.ru,https://marspetcarecollege.ru,30,10,1,3
5954576,https://rcciamapi.mars-llc.ru,https://rcciamapi.mars-llc.ru,30,10,1,3
5958106,https://marsslozeni.cz ,https://marsslozeni.cz,30,10,1,3
5966230,https://club.crave-pet.ru,https://club.crave-pet.ru,30,10,1,3
5971446,https://portalvet.royalcanin.com.br,https://portalvet.royalcanin.com.br,30,10,1,3
5973961,https://optimumpet.cl,https://optimumpet.cl,30,10,1,3
5974675,https://nastakeholders.mars.com,https://nastakeholders.mars.com,30,10,1,3
5974677,https://abccachorro.com,https://abccachorro.com,30,10,1,3
5978357,https://wholesalewin2gether.co.uk,https://wholesalewin2gether.co.uk,30,10,1,3
5978457,https://mms-streaming.it,https://mms-streaming.it,30,10,1,3
5988620,https://perfectfit.be,https://perfectfit.be,30,10,1,3
5988632,https://royalcaninclub.ro,https://royalcaninclub.ro,30,10,1,3
5997123,https://petcollege.mars.com,https://petcollege.mars.com,30,10,1,3
6017285,https://club.royalcanin.hu/,https://club.royalcanin.hu/,30,10,1,3
6027864,https://MVH4you.com,https://MVH4you.com,30,10,1,3
6046972,https://de.bensoriginal.com/,https://de.bensoriginal.com/,30,10,1,3
6047052,https://marscocoascience.com,https://marscocoascience.com,30,10,1,3
6054649,https://.mms-streaming.co.uk ,https://mms-streaming.co.uk,30,10,1,3
6085753,https://theadoptionmission.co.uk,https://theadoptionmission.co.uk,30,10,1,3
6086117,https://promo.korkunov.ru,https://promo.korkunov.ru,30,10,1,3
6087192,https://catsan.co.uk,https://catsan.co.uk,30,10,1,3
6111009,https://api.mms-streaming.co.uk,https://api.mms-streaming.co.uk,30,10,1,3
6111167,https://vetfocus.royalcanin.com,https://vetfocus.royalcanin.com,30,10,1,3
6116988,https://api.mms-streaming.ch,https://api.mms-streaming.ch,30,10,1,3
6121774,https://worldanimalday.ru,https://worldanimalday.ru,30,10,1,3
6126978,https://se.bensoriginal.com ,https://se.bensoriginal.com,30,10,1,3
6138287,https://kijksamenmetm.nl,https://kijksamenmetm.nl,30,10,1,3
6145256,https://bensoriginal.ca,https://bensoriginal.ca,30,10,1,3
6147622,https://uk.bensoriginal.com ,https://uk.bensoriginal.com,30,10,1,3
6147624,https://fr.bensoriginal.com,https://fr.bensoriginal.com,30,10,1,3
6147625,https://de.bensoriginal.com,https://de.bensoriginal.com,30,10,1,3
6147626,https://at.bensoriginal.com,https://at.bensoriginal.com,30,10,1,3
6147628,https://ch.bensoriginal.com,https://ch.bensoriginal.com,30,10,1,3
6147652, https://be.bensoriginal.com,https://be.bensoriginal.com,30,10,1,3
6147653,  https://ca.bensoriginal.com,https://ca.bensoriginal.com,30,10,1,3
6147654,  https://no.bensoriginal.com,https://no.bensoriginal.com,30,10,1,3
6147655,https://fi.bensoriginal.com,https://fi.bensoriginal.com,30,10,1,3
6147659, https://dk.bensoriginal.com,https://dk.bensoriginal.com,30,10,1,3
6147660,https://gr.bensoriginal.com,https://gr.bensoriginal.com,30,10,1,3
6147661, https://au.bensoriginal.com,https://au.bensoriginal.com,30,10,1,3
6152797,https://app.mmsretailgroup.com/admin/login.aspx,https://app.mmsretailgroup.com/admin/login.aspx,30,10,1,3
6154066,https://forpaws.com,https://forpaws.com,30,10,1,3
6163311,https://royalcanin.com/ru,https://royalcanin.com/ru,30,10,1,3
6163319,https://marsqr.ru,https://marsqr.ru,30,10,1,3
6164859,https://api.miome.com,https://api.miome.com,30,10,1,3
6170885,https://cashback-zabota.ru,https://cashback-zabota.ru,30,10,1,3
6184987,https://endpethomelessness.com,https://endpethomelessness.com,30,10,1,3
6186046,https://api.FostertoFurever.com,https://api.FostertoFurever.com,30,10,1,3
6188746,https://api.forpaws.com/admin,https://api.forpaws.com/admin,30,10,1,3
6191089,https://catsan.it,https://catsan.it,30,10,1,3
6191090,https://fostertofurever.com,https://fostertofurever.com,30,10,1,3
6191390,https://forumzahnmundgesundheit.de,https://forumzahnmundgesundheit.de,30,10,1,3
6199012,https://catsan.be,https://catsan.be,30,10,1,3
6201125,https://mms.com.tw,https://mms.com.tw,30,10,1,3
6206761,https://wer4happytails.com,https://wer4happytails.com,30,10,1,3
6219784,https://lighthouse.mars.com,https://lighthouse.mars.com,30,10,1,3
6219786,https://lighthouse-api.mars.com,https://lighthouse-api.mars.com,30,10,1,3
6219802,https://test-lighthouse.mars.com,https://test-lighthouse.mars.com,30,10,1,3
6219803,https://lighthouse-api-test.mars.com,https://lighthouse-api-test.mars.com,30,10,1,3
6219805,https://dev-lighthouse.mars.com,https://dev-lighthouse.mars.com,30,10,1,3
6219809,https://lighthouse-api-dev.mars.com,https://lighthouse-api-dev.mars.com,30,10,1,3
6227613,https://escapedbunnies.com,https://escapedbunnies.com,30,10,1,3
6229671,https://luckyredenvelope.bensoriginal.com,https://luckyredenvelope.bensoriginal.com,30,10,1,3
6235787,https://buy.temptationstreats.com,https://buy.temptationstreats.com,30,10,1,3
6236286,https://buy.karmapetfoods.com,https://buy.karmapetfoods.com/,30,10,1,3
6236288,https://buy.nutro.com/,https://buy.nutro.com/,30,10,1,3
6236289,https://buy.cesar.com/,https://buy.cesar.com/,30,10,1,3
6239173,https://orbit-promo.es,https://orbit-promo.es,30,10,1,3
6243439,https://growthportal.mars.com,https://growthportal.mars.com,30,10,1,3
6243612,https://unclebens.hu,https://unclebens.hu,30,10,1,3
6243629,https://hu.bensoriginal.com,https://hu.bensoriginal.com,30,10,1,3
6247617,https://marsfoodservices.com,https://marsfoodservices.com,30,10,1,3
6252518,https://marspca.com,https://marspca.com,30,10,1,3
6255836,https://marspetcarebiobank.com,https://marspetcarebiobank.com,30,10,1,3
6258074,https://maltesers.co.uk,https://maltesers.co.uk,30,10,1,3
6266214,https://doggyproductquiz.greenies.com,https://doggyproductquiz.greenies.com,30,10,1,3
6267396,https://greeting.korkunov.ru/,https://greeting.korkunov.ru/,30,10,1,3
6270945,https://pride.skittles.com.au/,https://pride.skittles.com.au/,30,10,1,3
6276373,https://cravepetfood.dk,https://cravepetfood.dk,30,10,1,3
6276561,https://mms-promo.es,https://mms-promo.es,30,10,1,3
6276564,https://mms-promo.pt,https://mms-promo.pt,30,10,1,3
6276565,https://api.snickershungerinsurance.com,https://api.snickershungerinsurance.com,30,10,1,3
6280313,https://snickershungerinsurance.com,https://snickershungerinsurance.com,30,10,1,3
6280326,https://catvetday2022.ru,https://catvetday2022.ru,30,10,1,3
6290456,https://cesar.com.sg,https://cesar.com.sg,30,10,1,3
6290460,https://cesar.com.ph,https://cesar.com.ph,30,10,1,3
6291843,https://twixandcoffee.gr,https://twixandcoffee.gr,30,10,1,3
6299418,https://extragum.com,https://extragum.com,30,10,1,3
6302471,https://snickers.com.mx: TASK53783470,https://snickers.com.mx,30,10,1,3
6303295,https://3musketeers.com,https://3musketeers.com,30,10,1,3
6303299,https://5gum.com,https://5gum.com,30,10,1,3
6303303,https://altoids.com,https://altoids.com,30,10,1,3
6303308,https://be.suziwan.com,https://be.suziwan.com,30,10,1,3
6303309,https://combos.com,https://combos.com,30,10,1,3
6303310,https://cz.bensoriginal.com,https://cz.bensoriginal.com,30,10,1,3
6303321,https://twix.com,https://twix.com,30,10,1,3
6303323,https://twix.co.uk,https://twix.co.uk,30,10,1,3
6303340,https://termsandconditions.mars.com,https://termsandconditions.mars.com,30,10,1,3
6303342,https://starburst.com,https://starburst.com,30,10,1,3
6303343,https://snickers.com,https://snickers.com,30,10,1,3
6303344,htpps://skittles.com.au,https://skittles.com.au,30,10,1,3
6303348,https://sk.bensoriginal.com,https://sk.bensoriginal.com,30,10,1,3
6303352,https://seedsofchange.co.uk,https://seedsofchange.co.uk,30,10,1,3
6303354,https://ro.bensoriginal.com,https://ro.bensoriginal.com,30,10,1,3
6303355,https://milkywaybar.com,https://milkywaybar.com,30,10,1,3
6303358,https://marsbar.co.uk,https://marsbar.co.uk,30,10,1,3
6303361,https://life-savers.com,https://www.life-savers.com/,30,10,1,3
6303362,https://it.suziwan.com,https://it.suziwan.com,30,10,1,3
6303363,https://fr.suziwan.com,https://fr.suziwan.com,30,10,1,3
6303366,https://dovechocolate.com,https://dovechocolate.com,30,10,1,3
6304841,https://catday.ru,https://catday.ru,30,10,1,3
6310515,https://temptationstreats.com.sg,https://temptationstreats.com.sg,30,10,1,3
6310516,https://temptationstreats.com.ph,https://temptationstreats.com.ph,30,10,1,3
6311868,https://cesarmalaysia.com,https://cesarmalaysia.com,30,10,1,3
6324242,https://cesarhiremydogcontest.com,https://cesarhiremydogcontest.com,30,10,1,3
6336200,https://temptations.co.th,https://temptations.co.th,30,10,1,3
6336202,https://temptations.id,https://temptations.id,30,10,1,3
6336209,https://temptations.my,https://temptations.my,30,10,1,3
6336340,https://api2.mms-streaming.co.uk,https://api2.mms-streaming.co.uk,30,10,1,3
6338663,https://extragum.com.au/,https://extragum.com.au/,30,10,1,3
6352397,http://termsofpurchase-uk.mars.com,http://termsofpurchase-uk.mars.com,30,10,1,3
6355231,https://taraklogs.mars-inc.com,https://taraklogs.mars-inc.com,30,10,1,3
6357475,https://sheba.com.sg,https://sheba.com.sg,30,10,1,3
6361916,https://temptations.com.vn/,https://temptations.com.vn/,30,10,1,3
6362240,https://mms.pl,https://mms.pl,30,10,1,3
6365175,https://pride.skittles.com,https://pride.skittles.com,30,10,1,3
6366176,https://cravepetfood.pl,https://cravepetfood.pl,30,10,1,3
6368308,https://japanpkpmobileapp.pet-lovers.jp,https://japanpkpmobileapp.pet-lovers.jp,30,10,1,3
6371877,https://marsapps.com.au,https://marsapps.com.au,30,10,1,3
6372877,https://twixchocolat.fr,https://twixchocolat.fr,30,10,1,3
6372887,https://retailers.mars.nl,https://retailers.mars.nl,30,10,1,3
6373083,https://snickers.fr ,https://snickers.fr,30,10,1,3
6377925,https://sheba.com.ph,https://sheba.com.ph,30,10,1,3
6384591,https://orbitgum.com,https://orbitgum.com,30,10,1,3
6385932,https://marsconfigurator.service.mms.com,https://marsconfigurator.service.mms.com,30,10,1,3
6385933,https://marsconfigurator.admin.ui.mms.com,https://marsconfigurator.admin.ui.mms.com,30,10,1,3
6385934,https://marsconfigurator.admin.service.mms.com,https://marsconfigurator.admin.service.mms.com,30,10,1,3
6385938,https://marsconfigurator.ui.mms.com,https://marsconfigurator.ui.mms.com,30,10,1,3
6394978,https://sheba.com.my,https://sheba.com.my,30,10,1,3
6394979,https://pedigreeadoptiondrive.com,https://pedigreeadoptiondrive.com,30,10,1,3
6401847,https://purrmore.whiskas.com.au,https://purrmore.whiskas.com.au,30,10,1,3
6402668,https://5gum.com.au,https://5gum.com.au,30,10,1,3
6406791,https://shebacat.co.id,https://shebacat.co.id,30,10,1,3
6406801,https://sheba.co.th,https://sheba.co.th,30,10,1,3
6406908,https://treatsbymars.com/,https://treatsbymars.com/,30,10,1,3
6409402,https://pas.spt-japan.jp,https://pas.spt-japan.jp,30,10,1,3
6413026,cookiedough.twix.com/,https://cookiedough.twix.com/,30,10,1,3
6413038,https://marsalltogether.co.uk/,https://marsalltogether.co.uk/,30,10,1,3
6413097,www.chiclesorbit.com,www.chiclesorbit.com,30,10,1,3
6416735,https://www.myroyalcanin.ro/,https://www.myroyalcanin.ro/,30,10,1,3
6420122,https://eclipsemints.com.au,https://eclipsemints.com.au,30,10,1,3
6420160,https://cesar.eu,https://cesar.eu,30,10,1,3
6421932,https://eclipsemints.com.au,https://eclipsemints.com.au,30,10,1,3
6425918,https://extradating.marspromotions.com.au/,https://extradating.marspromotions.com.au/,30,10,1,3
6429252,https://greeniestrivia.com.au/,https://greeniestrivia.com.au/,30,10,1,3
6429269,https://nowylookorbit.pl/,https://nowylookorbit.pl/,30,10,1,3
6431968,https://shine.waltham.com/,https://shine.waltham.com/,30,10,1,3
