TestID,TestType,WebsiteName,WebsiteURL,CheckRate,Timeout,TriggerRate,Confirmation,EnableSSLWarning,FullTest,FollowRedirect
75470,HTTP,https://mars.com,https://mars.com,30,10,1,3,1,0,1
75677,HTTP,https://pedigree.com,https://pedigree.com,30,10,1,3,1,0,1
75690,HTTP,https://nutro.com,https://nutro.com,30,10,1,3,1,0,1
75760,HTTP,https://skittles.com,https://skittles.com,30,10,1,3,1,0,1
77311,HTTP,https://footer.mars.com/js/footer.js.aspx?airwaves-fr,https://footer.mars.com/js/footer.js.aspx?airwaves-fr,30,10,1,3,1,0,1
77314,HTTP,https://ethelm.com,https://www.ethelm.com,30,10,1,3,1,0,1
77315,HTTP,https://mymms.com,https://mymms.com,30,10,1,3,1,0,1
77318,HTTP,https://seedsofchange.com,https://seedsofchange.com,30,10,1,3,1,0,1
77375,HTTP,https://pedigreefoundation.org,https://pedigreefoundation.org,30,10,1,3,1,0,1
77396,HTTP,https://mymms.be,https://mymms.be,30,10,1,3,1,0,1
77397,HTTP,https://mymms.co.uk,https://mymms.co.uk,30,10,1,3,1,0,1
77398,HTTP,www.mymms.de,www.mymms.de,30,10,1,3,0,0,1
77400,HTTP,https://mymms.fr,https://mymms.fr,30,10,1,3,1,0,1
77401,HTTP,www.mymms.it,www.mymms.it,30,10,1,3,0,0,1
77402,HTTP,https://mymms.nl,https://mymms.nl,30,10,1,3,1,0,1
81681,HTTP,https://contact.mars.com/donotdelete.htm,https://contact.mars.com/donotdelete.htm,30,10,1,3,1,0,1
81798,HTTP,https://mypedigree.ca,https://mypedigree.ca,30,10,1,3,1,0,1
81799,HTTP,https://whiskas.ca,https://whiskas.ca,30,10,1,3,1,0,1
89150,HTTP,https://whiskas.at,https://whiskas.at,30,10,1,3,1,0,1
