Zone Name,Zone ID
3musketeers.com,5b9de91442467c2f6926c5714b444d94
5gum.ca,cbc6261ca0abc5247119ae0bc6fe4301
5gum.com,9d7ad1a8d2043c8bb14a00bb9c5e22a2
5gum.com.au,ef02ca0a4e2a80b41d44cb4fd212185a
5gum.co.nz,1464877c29e36b706dc43d43da76d7f3
5gum.de,ad476f18c68a573767732e8969586a0f
academy.royalcanin.com,0d1f50d0a09b3517908507096be0b306
accountdev.royalcanin.com,1f8e80db6ca06e3af0896bb3d5d40832
accountpreview.royalcanin.com,9f73753c4af027f87bf7c15bce586e8e
account.royalcanin.com,4952fd9a95932c744d0ba7261d3fcc1e
adoption-platform.royalcanin.com,b8dd85bafc1f060ac692ee7f45da37f4
airwaves.de,a8f9aaa127842073b5b797254640b650
airwavesgum.co.uk,1452430fa424dad9b9eebfd5ef310476
airwaves-kaugummi.at,1896ee1e81a0048c5ac4f595480cfa3d
altoids.com,ab5cf3b2cca7816981a91132604171e1
apifishcare.com,76592ff10bd3e23fc4a607241ef65873
api.royalcanin.com,dacd9d1c37c7049c0d6fc82caac84393
apply.royalcanin.com,70f5457791a548c7781d0a4698e79e10
aquarianfishcare.com,25c9d8cf071fa7b22dddecbf4c48f789
arkhanbuilders.com,e35c63247e0b5c35c814b8b0ff52baff
b2b.mars.com,78e56d806934f009425300494f641f7c
b2b.royalcanin.com.tr,a68a1885698a59e75f960a1143641662
banfieldassets.com,785ec0ffe7802fffd50cb14eb13a18fb
banfield.com,69d8f047f28b2d4d1f8dcdc8c94c2568
banfieldentertowin.com,f1dd2b7ee78068ff48a1b711d23e5874
banfieldexchange.com,a1e7b1764d23ce58189d3d670fd0b349
banfieldexchange.net,c73b3ceca02bee9827450aef839e98fb
banfieldfoundation.co,d34cb7cf3a3691507cb182d1cc7573e6
banfieldfoundation.com,5f93fa0aeef539f62198263db2132321
banfieldfoundation.info,765b4d8e8ce8c58fddfda0e06eeb361b
banfieldfoundation.net,ca3f8a85f3c5f9f7d0a77c315022d5f7
banfieldfoundation.org,67f65444e41d5b9d8c0663d4f9d09211
banfieldfoundation.us,c4a2a3280afbe6a95be5c96c9adf9385
banfield.net,d9b92cc2ff13fd6cafc62c9afbb7a2e8
banfield.org,78b4852329cb01a36cbd8f4faab9b997
banfieldpetexpress.com,2d18d32a00eaefab1d9e74043c254d8b
banfield.us,65dfc52b0410e40c60520480a8741bfa
bekindsnacks.com,fab4128474feeeacd05cc4b6b5342da4
bensoriginal.com,80bba37240be7833d3d8548ab9a4267a
bensoriginal.co.uk,00b6cc4bb7301d5b88014ff7cf6ddec2
brazil-rtm.dev.mars.com,90ef45763cd43460e66ac5776d1df6e9
brazil-rtm.prd.mars.com,de14fcd8d1670e9fd1269adbf4a63176
breeder.royalcanin.com,891e7b7ecaab90b790535e7846a05ac9
breedingmanagementsupport.extranet.royalcanin.org,7f4c5dffc9e97559ab05453341928b12
buildingcoral.com,e3afa505636a38e54a4fd9bf4629d94a
campustour.royalcanin.com,8b452733059890f90f5be4f4ddccb972
careers.royalcanin.com,85e0779baa9d38eb39788ad8d07743a2
catday.ru,a3c698658b4ad8f512200d2dd9e419df
catisfactions.fr,a889041dd13f9c3b9dd9918efd324013
catisfactions.nl,0a5bbd436012f20c801dbe67c61c1a33
catsan.com.au,329043818b3c16938ba58a061512be65
catsan.nl,dccbe921bc9446928c4b43cd92917cae
cdf.royalcanin.com,6ae3aefe8b7b4de2558d4b7670f1a921
cd-sc-prd-weu-01.royalcanin.com,192e0557f17caad14084773bd412e009
cd-sc-prd-weu-02.royalcanin.com,b0e9ed309facb93a8730da3afb44a4aa
celebrations.co.uk,ecc10b5effc009f95dba2c6aa33612cb
celebrations.de,55e2cf11b443aeb5b6485eed1457fa37
celebrations.fr,6e43741c5eae566a4d5714ecafcc4b09
celebrations.nl,1e9130c8484d2d20e5a587415588e0bf
cesar.ca,7dcdcac96385e25f9219148ff49cd31b
cesar.com,f85fad3f79ec5e0ea7f173191f78e880
cesar.com.mx,d695eea2327f2872d8d00ad557d9a189
cesar.in,640a84157f33a3e0816e438ae48fec0c
cesar.nl,05ea77a82a059986e34c42458f8d1361
cesar.pl,88932ff18efe2abe942b707c4c5a240b
cf.marswebcctesticp.cn,66eb97d3fa616fdc863cc109338238ef
chiclesorbit.com,4cda472df24e3c68181f8e7d1bf9b7d3
ciamapi.royalcanin.com,16f797f2494d04e0b918ab8b810b4a41
cloud-effem.com,c01bb550b29c76d506598b482e850acc
cm-sc-prd-weu-01.royalcanin.com,93d65e9923e39134496ffd152dc6bc4b
combos.com,f38838c15735733d33d88ec83be74881
commande-lareunion.royalcanin.com,4578f2eb37b30e0eb590507e0e57cf20
compremars.com.br,390f0f847ba8b5d2b00620b7e9251a3e
contacto.royalcanin.es,5e79f7be2b89b9114270cfa0157efbec
contacto.royalcanin.pt,1047820afe5b7570f3071b7e75e8601a
coroapremiada.com.br,01fe3742879564956b60e1fb4084ebdc
crave.at,930ec97edff5474c6e1587315d0b3000
crave.fr,1a14e039919e68389ec5e13f7cfd6c02
cravepetfood.ch,e373828a7e199827a6ddcc46c49443fa
cravepetfood.com.au,16eadcc4b358ec17280c446328d9f96b
cravepetfood.co.uk,d0d53d4e3d4754d1be46fb39a1d36257
cravepetfood.de,2afe09586dfd03215596cab773d06851
cravepetfood.fi,5f7fb7927b565061c923df3b981d671c
cravepetfoods.ca,0676239a626a25d3843d2edad339afef
cravepetfood.se,6f9f2ae1661ec9da06be04eb669f6a39
cxm360.royalcanin.com,c125889d46d0d967492a9bd14b773ce4
d2c-cdn.royalcanin.com,062dfd9fa1e9d89a3346b5b4cd15502a
d2credirect.royalcanin.com,6015bd5846baa56d066c83c2d9bd4199
dentalcaremonth.gr,a6af0813c3aadf07fe099471fc43c100
dev-cdn-lighthouse.mars.com,797f6ee2b41e6ed28b3e1ee72b08aa8d
developer.royalcanin.com,73825032d29f5015b244dd3210e31025
dev.royalcanin.com,e8474ebb7fd21e339921424d3dfdbe93
dev-sitecorebf-cd.cloud-effem.com,fb4882e5c8add32c3779c784600030e9
dev-src-cdn-lighthouse.mars.com,30fc08f3bc5ae97f1303423ac969b06e
dine.com.au,2db67ac45b9c4de0766cd615e21ed538
dine.co.nz,e5150e3cb9784588f2a5086a72540712
dl.royalcanin.com,0f6543e79572d5852d0c81afbf428704
dolmio.com.au,254f7814a67f8914c57444f13c3f8d62
dolmio.co.uk,33ee4c158fc7ece45e9034e834cb5eb5
dolmio.dk,d86a1756d9762499027441fb8c278dc0
dolmio.fi,eec1e767067157dfb55364693eaa6991
dolmio.ie,4bd12de80bed213506d6fc2d71f79717
dolmio.no,f5cb672f4231a849e62f34f604d1b146
dolmio.se,08411a211c32f1143a34ada6f3f2cd6f
dotank-mhubs.com,71d566379958ac1d8b201b4b13627317
doublemint.com,b1bef336ba6a3e80c40bc8d5445a3860
dovechocolate.com,12a83fc26eb85c2f733fbf4f5e29a361
dreamies.pl,efb008604d378c1aa60ff2f84b8276ff
dreamies.ru,6d84c5780af0dd891dd3a75d62028810
dreamies-snacks.de,2d30bd3125d2277ce715da76e88eb896
dreamiestreats.co.uk,8c60f4a6acf27c74788f2b2f10ca477e
eclipse.com.tw,eaedd861493490c8600a582313d289d0
eclipsemints.co.kr,5191233b03606d06b8fb0ab197c7e5f5
eclipsemints.com.au,45766404c984237fecc1f441aa2f9405
eclipsemints.co.nz,bd7e4cdf43cdb4abc7b3ca1c0ccfa335
eukanuba.com,56c1e731c203340915a151210c03a4df
eukanubasportingdog.com,c5e4fa5cb5de5859156b89b0e70bd4fa
eurostore.royalcanin.com,889433299ef26da27de0842325f435fa
eventgrid.royalcanin.com,c917047064bdfd8ff261e2134880d2e7
excelgum.ca,75f1b13f75946b133720d8d5bc4bcc28
exelcat.ch,16d059dfbf3f6aa2123d33b806da62d9
exelpet.com.au,603e7914090e8b8ca733c8592e785be0
extragumarabia.com,d886de93ffe714c3fa7079f217618299
extragum.com,617b7c31ec52c9e49e6541da4f6a3ec1
extragum.com.au,c433203666f08af628ab059347e74722
extragum.co.nz,d2efb569c6fbcbe5f28c71b17f9915cf
extragum.co.uk,9cd5f730c4fa0d567792a55d72974bc1
extrakaugummi.de,acd8dcc035f84f9c00b0b2d79326076a
farmerincomelab.com,a198db69d6a4963572bf9e19600b45dd
formsvcs.com,ef52f0fbc04439aaedc2d46788ce794d
freedent.fr,b164ce753664b84c363066b54af3a2ff
frolic.de,e89715471a5805bab7d3499b98369d57
frolic.nl,07c031705b9cdd6cda685a166db339fd
galaxychocolate.co.in,54eead6f63cd746eae40d8ebbd47bcb8
galaxychocolate.com,c9df50adbbeb1cc568c8416414cf835f
galaxychocolate.co.uk,4d9f34f465811f41d7587f078677c74d
galaxy.co.in,01436448fe125e2e45edd2ec1df21bf5
galaxy.com.sa,004647051ab5b35a588d9cc23d095f95
gira-internacional.com.ar,af6584933d94ceca37b165b4b01d03a0
gmvet-vs.royalcanin.com,b568b30f55624d65c216ed0a5b198595
goodfriend.com,a8394cfbf0bc7a816547a67bc6afed49
grafana-monitoring.royalcanin.com,5e91e85e03785965cd091e3f263816e2
greenies.ca,4464a00d58575741dfe91ad9e8790904
greenies.com.au,a10a08a98decdb9ceb713c1b1af39ec9
greenies.co.uk,ed8913a6dd7391077b29fc4f2f077ae3
greenies.fr,64621fcd5be5f7ae38400c520a0e2649
greenies.it,9960fd282ffc65e423bc852814ea201c
growertoolkit.com,d9460cd49782e2d74747342a36dde48b
hampaidenhoitokuukausi.fi,6086070767ec9e5b32a6affefc0b4c2b
hnlp.jp,7b5bfa23df39f037aa2114f6d3c5e7cf
hnlp-s.jp,3a83057268415cc744036fd0b447ab68
hubbabubba.com,07f95d9a2cc6462eca84e053a54f3587
iams.asia,46d7784d9ec8631646b6f7214d124b00
iams.ca,449413e07f30d0074d2bf2450766cc8d
iamschile.com,066ab797375dc727a359967f48b6eb8a
iams.com,dad0d09de875adefcc377b0842da59fe
iams.com.ar,48dae69c0b1dfdccce765d9be51125cc
iams.com.mx,bc554e69257cf5f928c5bb9dd941087f
iams.co.nz,c35aed2a74a4c2a390d90c0667adb441
iams-india.com,424b21cf411dca44a9ddb4d0dca9bf22
id-sc-prd-weu-01.royalcanin.com,84500ee6ba34912d3ca87b207c32ee3a
individualis.com,a3a121f109bc0166fa73250604414bf2
int-sitecorebf-cd.cloud-effem.com,172be2df6fce59b511d259cfa3badb77
ishop.royalcanin.com,0af89fd7edf9fc8e2163d5b6f45108cb
juicyfruit.africa,638e3f993ee551abc4bb7326f12d068e
kantong.com.au,52ca281af92d37c8159fd0b91396adc6
kindsnacks.ca,bc93a88d2747ecaa91f4e2df5b81b959
kindsnacks.com.au,96d76c932133746cf0262c2136728478
kindsnacks.co.nz,b8db79d0bfc8759b80e670aff3d8ad1b
kindsnacks.co.uk,3f24869fbc9f21ea6afd3cdb01b833c3
kindsnacks.ie,ad9189d77896a3986ab2a07481039bcd
kinpet.ru,2d4f475bea1c8dca18cfc92909c83df5
kinship.co,ef7b8293542395eb065f53220140b46e
kitekat.ru,8bd91752b55f3133a9c9659c72e0fdc2
kleintier-centrum.de,2ed7d926fcd97d80f3c2f8b73af65ead
kleintierspezialisten-kempten.de,12270af63244e57ccb6f007258b04758
kleintierzentrum-walluf.de,ad331ce7c51ba822393f6d3868f631ca
labelprinting.effem.com,a7bb56476d6ff04ac8ffeb73f97ca382
launch.banfield.com,e05a95eb0f53beffe1d3700522d940d2
legredirect.royalcanin.com,c830243132870ddc17a7926bb3089fdd
lhcdn.mars.com,7902b73d1a8f619338adb25aa4632329
lhcdn-src.mars.com,3d2a18b105ece8f9d60e5b6a82e6fb11
life-savers.com,2a824a350f3d9bdf6197604d7f286a84
lighthouse-api.mars.com,219c8c317f52d6d0486c8e7508460b41
livelucas.com,70f4bc86a84d79aef628704c57bec9a9
lubimchik.ru,af4438fac0f4451c76362349faae0b46
lucas.com.mx,762deb73b052bb7dd1f483b4d33a0b47
maltesers.co.kr,5f91db7404acb579fb2d952567842f98
maltesers.com.au,02395642b5b74e98f3b36f1b36835e86
maltesers.co.uk,c299848c0f20ce45e05349e8ddd8c607
maltesers.de,d299055343ea6e31be1b0a34ff6076bb
maltesers.fr,3c1e1d2c3dfd8cc202cff6e3f208b491
maltesers.nl,3537e25f3cab1f2a25386ca0ad4279f4
marsbar.ca,704dd0305cb0a9285922f4b92d5f4f8f
marsbar.com.au,1017fa561e9467b33a3b1fc3fab30e30
marsbar.co.uk,8114bc90821b9d7bbf1cc8200427a37b
marsbars.com.au,1ad4d8130792206369a9058a67dd4afa
marsbettertogetherfund.com,79896f8e07a4aa5228b5438f6df2401f
marsbettertogetherfund.org,2e8cfed913410db5fc35a973a259235c
mars-cdn.net,1eda8fbf308e3d11c527b2bd00a2b65a
marschina.com,4dc5c0758568d0f65d2f5fd2407fdc75
marschocolatedrinksandtreats.com,97f08fbaa5b71b326489b821b9dd9dff
mars.com,afcff6a1167f55d65a4cc233dba1a146
mars.de,0a882054d8263d365facea6193dab164
marsequestrian.com,b23e5bc13d0ab9a388547ab63cbd08d9
mars-foodservice.fr,9bcbf9066ebc1a263a6a12ff985d7f9e
marsfoodservices.com.au,f8e37cbb485f71fc5cb1f6427aff1532
marsmediapool.de,ae7b7be10cadfd14a547f68d500b156d
marsmps.com,e52b17e5e61f95531ca90d8f29d7c150
marspetfood.com,9111f0deb8fd2794eaec09a77309c79f
marspetfood.in,bf79349b84f49203b7fccb809391e6b0
marsvet.com,d1ae93d2d0e78f5ad02674de62826be3
mars-vet-connect.ph,abcf74c390db625756042899c95028b0
mars-vet-konnect.in,45e006ece3a1e28b7e1abe169dcaa3df
marswrigley.com,3c44e4dc6dd3edbc3a0d6e6c181364c0
marswrigleyhalloween.com,d1a2d6fc8e81ee56788b48d1827f4baa
marta.mars.com,afe5504f79c02062518a810c98fd8924
masterfoods.com.au,424e9d64bd4a8c77e5db4a8736d308dc
masterfoods.co.nz,a869108b045c7f0d2fe06bec6b6b2d84
masterfoodsprofessional.com.au,3e637d1ffcb7167a65b11e85a7f148be
meetmynewpet.com,2a9497d04ec0e1c9c13291bc7b0ecc78
meincesar.de,b8bf40f5fa8f8da7d85253f67be13eab
mesdehigieneoral.es,b7c5d5d87f6b8edae4dc0db3f96a6ec4
mestecaorbit.ro,ad35f2164dadb03e2aeeb210470439fa
mf-uat.extranet.royalcanin.org,fd0d759e3fec13099134795f2027b7f7
milkywaybar.com,609b706eb101ca050785a59452fa173b
miracoli.be,076bcd6d7334d6665f95343cb052d18a
miroyalcanin.cl,d92d7c14769037ae44209b2ccfe1536e
mi.royalcanin.es,340fd43317b26bfe7242fd6aca2c1d5a
misregalosroyalcanin.es,7304a9e0a20b6aad6026b373d7059da6
mixitup.cat,73568f05e4b1424d6c7813512110d6e9
mixitup.dog,ca85f96a034a0033e958904a30618630
mms.com,c1c7393b06c26ad94e712b6e9d9b7e2e
m-ms.com.au,acaccb0016be1cb071dd6aed955c96e0
mms-promo.ru,397121bd60a6ca755ea6ce264c9df507
mojorbit.pl,51e326cbdbec8c0c3b803cd25daf424f
moncse-royalcanin-siege.com,539c0ee88acf44280346c8b3c648d8bb
monespaceveto.com,1d12be3a06b6870fa3fa5446e6974a0f
mydog.com.au,53e3c15027d4b91b9899714dca3b6096
mydreammama.ru,377fb1dfb31cebd9cf73ece147d4be9c
my.mars.com,601887c7d5568c9465f3ac3816813944
mymw.mars.com,6baa83eff9a0584c60fc09d738937782
mypedigree.ca,4f3b17a8c091cb5c6fe2d396df225e70
mypetnewhome.com,a2ff3acaa4edee3175d54c6793deb8a3
mypets.royalcanin.com,fbfbd3f7d581e00561bebbff4e4da152
my.royalcanin.it,4b8faafaf02d2d66909740f30f7b89db
myvetreco.com,69dbf77ce5b748ad121137e7a637c95b
myvetreco.nl,bfa665fd884b04b1dcb9c27ae8e74b12
nginx.royalcanin.com,0fddc1e498459f0bf16b2484c0b08424
nutro.be,bf43270d51916791db4007d331f40d31
nutro.ca,ffb73a5f2f1f5b1dd871aee360b791df
nutro.com,85dbff6ba2834e488ec1e0a90982827c
nutro.co.nz,8216327ee0033362e40762c3c72b6922
nutro.de,905cdcce6ca5abda6f03755ec5155708
nutro.es,d7fe91d4c22f67e87997c4d135c7ca77
nutro.it,17cac6b3e1f19934b1fbae4d8f9e3b23
nutronaturalchoice.com.br,60c18bc6046cc4c351d8b6297d4ee81a
nutro.nl,b2ca686515faf05aa6345f6fd8e2a99c
nutropetfood.fr,6587dfb9b88fd74540f64fefdc326b0d
openap.royalcanin.com,d5b78c7cf9ccc28bb065826e7671da82
open.royalcanin.com,0c94f6039b592d35f2fc96c3c114d7ed
openstg.royalcanin.com,9a8b3608becb7ca407ea172a69e78004
openuat.royalcanin.com,6cc6978f6715a167d09490fa11d28cae
openus.royalcanin.com,ca8cbe600c7a60f24441a4fc459277a9
opuscomplete.com,5873a7789526a858ce5818284f732424
orbitgum.com,16a10789cd9784199b53b94a7a0cb3f7
orbitgum.mx,6559925184b91b002ff832d6610e24b1
orbit.hu,e4c226153d8ae9248141b974076de226
orbit-kaugummi.at,7a88727b859e9fa59b905dbc676c874b
orbitmexico.mx,ea8eeb88d7a76808806c33852b34479b
orbitzuvacky.sk,58b545a05432594d1c24df83ff56707e
orbitzvykacky.cz,b81d223d642cfeccac2d8173848cd9a8
patools.royalcanin.com,57f868b42cfacbd55e5bacf95e93e47c
pedigreeadoptame.mx,6e79892162e813fe4579611d17866d65
pedigree.at,94960a546adc0eccaee7be94b9a39ec2
pedigree.be,d8b22c453198780061ef4150c1dade73
pedigree.cl,2081a70bcf3821a78d97bfc829f2db9a
pedigree.co.id,8a5af7a67e8cbdb6c0c3488c56792542
pedigree.com,60176f1b1fc07b0015baa83705b0d98f
pedigree.com.ar,5bf98e3f3fd29f21535a1b3f810f154e
pedigree.com.au,fd0bb26875343fe53bb44240f82a1daf
pedigree.com.br,ecc3bf74a6423c59f28744f78ec9f7a6
pedigree.com.mx,92440098e2e1e59956279935a060462b
pedigree.com.my,8193abdf05c8813253b1a83334f170f6
pedigree.com.ph,6f3ad5afd9670b7e128cc426c19019f2
pedigree.com.vn,91cccdea831088504fd52e958b503d1d
pedigree.co.nz,d7a10ef0b083a4e2da8e91090fc7fa3e
pedigree.co.th,ab7e6899bf2019fcf6893fef78aedd29
pedigree.de,ea19147c85049dbf5b7e6502661e4cc4
pedigree.dk,8fb3fbb20cc11d5518963c2c2bbac85e
pedigree.es,b37153a9402245bfab39501d7e737f50
pedigree.fi,825bee9513a54305862a976f9433748b
pedigree.fr,4a2c563fd51ef394ce4f4d003a974540
pedigree.gr,fbe27a6c05aa5534bc27832179183142
pedigree.id,9de687d99b702bd1553333120a35d4b9
pedigree.in,7630e14571592ede1b2c567f3536c172
pedigree.it,ce586b0c010905652f8133d579260325
pedigree.nl,6f9493becc724e0751496034968fa9c6
pedigree.no,a806496235c23a8bba5df54646dea357
pedigree.pl,ffd964e76d86a3075c334fbe8f64c2aa
pedigree.ru,2561dc0289520e284b105ae1e13484b1
pedigree.se,3f1262a6434a3e35c9f177e50edd0c3e
perfect-fit.ch,6d99cf78a1c8bb466ec64ec23b48d499
perfect-fit.dk,e92404beb479a4bbaffa7f0e5019e934
perfect-fit.ee,8d3e764e566177cb1e54db8d32b28e96
perfect-fit.lt,7d691c4afba4d1ed02dc8bbe63cf2f97
perfect-fit.lv,ba87b0651178fcee6638aa229d8fbb7f
perfect-fit.nl,d85a3450ccddb4a268436771b22c6a2b
perfectfit.ru,a50ec0534b9997f28abdd8375e1394a2
petapius.royalcanin.com,fd67b2b3fd9afa3cf71ac62ab703c328
petstory.ru,f22ee5e5f0cfdc20cd00f086c240a68b
petvoicepro.com,f04f732803abbf8eef81b3977bc2c3a3
pfoetchen-club.de,ce2f793918e11a17946a0c53469e70d0
plataformaurinary.com,2e92be809db74efd90777e29c15b1ae6
pointnutrition.royalcanin.com,534b66e6ecaf6ac67469ff0eb1980a48
ppj.mars.com,8bd08f71f4c4a8f9e047b225d6e33357
prd-eukanuba-cd-01.royalcanin.com,ffdf78ff35e8b91b2cf2a855b0493e93
prd-eukanuba-cd-02.royalcanin.com,65cd2cb41244740612dc26505a897a98
prd-eukanuba-cm-01.royalcanin.com,625b299ea3d567e6b958e6b0b6e77d49
prd-eukanube-cd-01.royalcanin.com,61bffe8b07e1fbb2557dd263256ba22f
prd-eukanube-cd-02.royalcanin.com,f1ab9ec88a555729b897c9060741267c
prd-eukanube-cm-01.royalcanin.com,2dd421e7078bed90338120a657f8abe1
prd-royalcanin-cd-01.royalcanin.com,f4ca9935865870a6017813ecec32d62a
prd-royalcanin-cd-02.royalcanin.com,72a3400e052a09ee6ef237b17e8fd911
prd-royalcanin-cm-01.royalcanin.com,01f223578de04b9802900ec8a0117e20
prd-sportingdog-cd-01.royalcanin.com,9ea37ea0fccb185c4340603b84c55ec1
prd-sportingdog-cd-02.royalcanin.com,9192f7785a3b3ec7b183c1a02498f27d
prd-sportingdog-cm-01.royalcanin.com,4c93cebe6e51f9b3f71e760d352babbb
prd-vetfocus-cd-01.royalcanin.com,d75be0c8034a49be728ca25bc416217f
prd-vetfocus-cd-02.royalcanin.com,65758ec6812d86813c4010ed3becad53
prd-vetfocus-cm-01.royalcanin.com,6115438775b2eab00be20be6e0d86c43
prescriber.royalcanin.com,84cd2f3a4b389527a7f482d5b8a9e991
prescribers.royalcanin.com,03448a215e4eaf053842c60adb87563e
primeraetaparoyalcanin.com,6b028aa77724c68cd0abd75326b6f94f
prod-sitecorebf-cd.cloud-effem.com,c3b8cc00a2d54c17989c272c78cffb25
prod-sitecorerc-cd-eukanuba.mars.com,fef69ac8f49a93b03da4aa4cd35513ad
proexpertsforum.com,0fa1adde46818d8b461924c19ee79586
promo.kitekat.ru,470a9414f74d527f0816c3e0f205af29
qa.royalcanin.com,9fb96d1443d3e0b09774934acbc8de74
qr.royalcanin.com,27cb01a8f47dcccbc9fb9254146acfbf
rc-d2c-aks.cloud-effem.com,b1d8f1ad381c71082969a5c09938b424
rc-df-aks.cloud-effem.com,85e0aeaa8165606d460e098baa644815
rc-symposium.jp,6741b60101d40cbc560df8189d60f12f
recommendations.royalcanin.com,861595a94246a5e3ce0cb75e169a98e6
rh-sc-prd-weu-01.royalcanin.com,541612f5c5460fbf48ced782048fbd56
rh-sc-prd-weu-02.royalcanin.com,522da293b51db19cbc5cb418fa2c6427
rlt.royalcanin.com,d9326a10796efec04977ebe59261ff81
royalcanin.be,23de150fd1bf754c488c3e06dabdcb63
royalcanin.ca,513b61c8d9d8a5754b7a01233478056b
royal-canin.cn,f09d65b2a23e2095254140c7f31aa705
royalcanin.co.jp,90ee0cc45219fec7b1abd210c1e609b9
royalcanin.com.au,85cc46c0b3603185fe3c8684e79fb058
royalcanin.com.cn,0cfa7780aa6a1c346bb8aa1fe79c19c9
royalcanin.com.ua,0681bbf79646247ad81647ec141b5f6c
royalcanin.co.nz,d4823c70a6ef2e2a38559fccf99da73f
royalcanin.co.th,740ba1bb3011df183ed05774098f7a37
royalcanin.co.uk,1d28aafdb6c57d7f5bf7f36767f2eb3b
royalcanin-cp.jp,d9f0bf82cef8cdcf9b02025ac02d6f22
royalcanin.cz,1eb8248f5c580522d7febfd331efdeda
royalcanin.digital,80ec66580b71beb434c4fc3463771405
royalcanin.es,f71c630700fa7d871a5ac4b7b3984a28
royalcaninevent.com,d99df2a77bf3cca030cd0647fe00c3c8
royalcaninfoodfinder.com,1e11b919cfe01eb37a0eaeba01d94ad4
royalcaninfoundation.org,ea2733a71150109f971d65fdf62d433a
royalcanin.id,db56a08bfd027749e45f156ccc7d4b26
royalcanin.jp,955f1c2aa8d4776169f3e8b95ff1ea46
royalcaninkitten.kz,dd74b3919d35f06d4102e488ca6456c4
royalcanin.nl,5de395b9116ad22830d3c0e30563cdef
royalcanin.org,d50206e0cc10c7d718214010bd8ccaf7
royalcanin.pl,b0cdcf01b4f11511409b97b57b3c9a48
royalcanin.pt,81cea3e27a0e433170e2e350ad904b3a
royalcaninrewards.co.za,e7d013e0c1332893b4c33f507b45b403
royalcanin.ro,bc79ede9b928a2c153f00ae6d419df40
royalcanin.sk,cf010d61f65e97f25eeaea29d4cbc237
royalcanin-vet-jp.com,913063adbb8853603983de23c47c5806
royalcanin-world.com,ce35002e59717fc6501728676f7b453b
royco.co.za,f64420a311432ad61d91685395cb2d35
rupn.cloud-effem.com,400142f6a60ce6218eec3eff57406c55
schmackos.com.au,82d6a21834fbe834b589624081d24794
schmackos.co.nz,d80ede4ab75555f4d226b996f04d8c4b
scrmstg.royalcanin.com,f6fde6fb1c0e2a1986c99f58b057120b
scrmuat.royalcanin.com,943bce75df646a7c3a3c601ceacb2bd0
seedsofchange.ca,e640b090884834a48867110ee3899bac
seedsofchange.com,7c7560aac2fa14b9af191152aec31ef6
seedsofchange.com.au,ae050c4295d9a3f23a3ba6851d7de716
seedsofchange.co.uk,0d0b5b7accca2a1f6675ba73b59a950d
serviciosveterinarios.royalcanin.es,e07e05983b44da6f67b14cd648759a49
sheba.at,23de3bd2c84ca3121d9b7594705e1129
sheba.be,e7f9514066f97f11dd77ee849df1c804
shebacat.ca,6dbad36ef011b36d6a891bffe0186022
sheba.ch,160cc70805399d2e3c4321a784da8821
sheba.com,22f880d5f3b7f703be48a11114374e97
sheba.de,fab4fc4869c13277cb951f8168d7690f
sheba.dk,cdb2c6dd599caa321033b8604b1911b2
sheba.ee,c65dffb21b9a0992a392728101d124d7
sheba.fi,3b0fc47fbbf488399f2128892845af31
sheba.fr,62a52c9e849c25aebbbacd954af42f5c
sheba.hu,6d8d9265a4bbafe39e865074b9bb36a9
sheba.in,34d68eec4d4f8eb262b03b56aeb43279
sheba.it,6036caacd39195f1f00c719b37132a5b
sheba.lt,634b4259dbe4783cdc380e5056309285
sheba.lv,8ddaee9bdefd08e0ae73422e0d9ed5bc
sheba.nl,0ae67853131a3d64281a456420c8d995
sheba.no,b57eed889e697a8da84c2976fc8dcf95
sheba.pl,ef2260464a2c0483549cd52a0d70b992
sheba.ro,dbce99b36957c7d6696a21f1ae556e65
sheba.ru,7febf52527f95564b24cd4214ab4de6e
sheba.se,8bb7a8f96074ee8a1054cbb748bd51c8
sheba.si,9bb991f88d2f065d3fe5f2549df7c41b
sheba.sk,b58d4a27f7be4a7371226cae8d377644
sheba.ua,b92c114947aa9d75f179b474740362d9
shelter.royalcanin.com,bfe28959129533ca63460e0af5e5e968
shop.royalcanin.com,aeb5a1ce04165f79724773d6996330d6
shop.royalcanin.de,5d4825be54640ea3674386a3eb610603
shop.royalcanin.jp,0bb7c97254fc1d37da331ee264347462
shop.royalcanin.mx,7e80a31954763748543f4bad5adde376
shopstg.royalcanin.com,c741965d844aba42c20fdb3000631dc7
shopuat.royalcanin.com,36cbec1c3da97227e4d1cf31245974c2
signin.royalcanin.com,73d323da3684ef0d37514f3e324f8545
sitenka.ru,9280c097bff341172a09258955eda8cc
skittles.ca,f4627d047f50f420912335e620e5face
skittles.com,8cfe662a07602006465a621897668801
skittles.com.au,67752dcaf00b1ce88c44f76f8dec2cfc
skittles.co.uk,56966f75122e3ea6094be08fdd017e95
skittles.mx,6fd1488e33f6b5af8ca03664153edcb0
snickers-barber.jp,024fcade3cba80b499855d53a9bad835
snickerscanada.ca,74784350534ce565ef22fdce30a73bbd
snickers.co.kr,c88340f9e91d559a06c188e9a46e85bf
snickers.com,266efaeba6149a1cda674d5dae79462b
snickers.com.au,5454bd63e5994da77f5987b09ffc4175
snickers.com.br,0fe7aa30f8affee2af0f406825f0fe20
snickers.co.uk,088970ccaacb4916beb29ce5cac2e318
snickers.de,395a1c61eb2077d032907a05562d8a54
snickers.fr,0c47f5174923bb67b091aab10ee3a432
snickers.in,86638aaad47ea9aec13169d42fc7de2b
snickers.it,21b3218fc061a3e7c208d4f0d37b880d
snickers.me,4b986aebec69e704057acf4fd865caa0
snickers.mx,f7afbc3473636a2052c7501a820f3bd4
snickersni.kz,67142da97e4a28ed5d1a3169c60874c2
snickers.nl,b17231138f242d27bcdadd9218d5bb9f
snickers.pl,70c16237c576196e8f5ece6e2c67fb71
snickers.ua,f95e369a95eb902991f8440c726025d7
spillers-feeds.com,edc4e015f56c8c60dbcfe8b007b32cb3
sponsoring.royalcanin.fr,e6ee334a859293ac5160999de8d83ef0
stage.iams.com,cc8ba3ce995b671460b6978a17603ebe
stage.mars-phoenix.com,0c50e0091be448e6360a00e10da3dbbd
stage.mms-promo.ru,d8b79546ff19ae0ffad311a33b52d4e7
stage-ppj.mars.com,eb599844ebf136a6545652f9589cd86c
stage-sitecorerc-cd-eukanuba.mars.com,32de9390e3612bac1391714ba05e0237
stage-sitecorerc-cd.mars.com,604ff5d33aeade8c97f4c33ecdd8885f
staging.royalcanin.com,bb9f56df88aea4ef6dfb7369f6e990dc
starburst.ca,2ed0f0ccecc0fa29c3c8950297c1285b
starburst.com,d6511457d13f4c979cc88a6d2332fa21
stg-eukanuba-cd-01.royalcanin.com,17f4f5bdebfa29ab3ffd0bcc63baaac2
stg-eukanuba-cd-02.royalcanin.com,f7190d816494100b4f9492a0d6e00089
stg-eukanuba-cm-01.royalcanin.com,d45d0deb1dcd3afd167d76df120423cd
stg-eukanubasportingdog.royalcanin.com,f3a4ff47fa6e4949e3141ff3f0a5c91e
stg-royalcanin-cd-01.royalcanin.com,e0769dc66bf10a917b4207ee9e0a5b2e
stg-royalcanin-cd-02.royalcanin.com,4ba2e0f28e8cc5877234374a04110acd
stg-royalcanin-cm-01.royalcanin.com,4eea050c91529f04e7e152ad7ee49d7f
stg.royalcanin.com,c799f1fec2f80f4d0818e30ba8ebf8bf
stg-sportingdog-cd-01.royalcanin.com,b4a217125a0d56e34cd1cb87fff40938
stg-sportingdog-cd-02.royalcanin.com,3ae248928e1adee80166f1d87e6ceeaa
stg-sportingdog-cm-01.royalcanin.com,915c6199079adf7caf02f5b15b6586fd
stg-vetfocus-cd-01.royalcanin.com,e324e57446b7da6d9f91bc3783edf37d
stg-vetfocus-cd-02.royalcanin.com,485cc3e9ab9633c32d8c4d6ab467e6a9
stg-vetfocus-cm-01.royalcanin.com,37be4c4178efc0fd02fcdea2303f20f8
stg-vetfocus.royalcanin.com,d0f068e1b136aeaf2c9a61955b7489ef
stg.vetfocus.royalcanin.com,53d70b99c622f6a00fe6c00cb3e52e25
stgwedding.royalcanin.com,fafa8d61de4d2698c1f7bae78777b055
storeap.royalcanin.com,0747a1267326c223d1d82929ce5f4a59
store.royalcanin.com,c9d691a6d8ad6673864306d731cbe50b
store.royalcanin.jp,55b3d4be66201baff4a46f1b737466a6
storestg.royalcanin.com,5c3576025a7e1d298c3f79daac0a76ce
storeuat.royalcanin.com,4a75cda6821505a427e13a216ce085e2
study.jp,0ea19844a90459ec5c24343dae05f185
suziwan.be,7e64e1af081d28809ff085f15e2ce0a6
suziwan.com,315e202c6a4b92083934696868db4940
suziwan.fr,dcfdebc4529f3d665f3047e3c992cfc7
suziwan.it,6b5cbbbe475144d707ca81f21fa0312c
tastybite.co.uk,1622e38859ced96b806260fe8aa153ca
tastybite.de,d61bff89c53d404525278c5cb403a503
temptation.co.kr,68d83d7475a4fb5f7aad2234c88b703a
temptations.ca,7156cc3c53a4a4eb4fd8e7df00a9f6ca
temptationstreats.ca,51167e0d583122b4fa42b70ef3b7cfd0
temptationstreats.com,acf4f5fce1a08e0515bb89cfaadd276a
temptationstreats.com.au,a5d794afd9a3a0ec7553db45adbbe3c3
temptationstreats.co.nz,63d67fd00890af053d703c08958589e7
test-cdn-lighthouse.mars.com,4dc713f703b5d805e2d900c153b3a06c
testenv.mars.com,781e921164435508b49d0de308e7ca1d
test.mars-inc.com,d60758395322b53c9ea5287cd32e6d56
test-src-cdn-lighthouse.mars.com,3b2b250e466e84fad965b52e0c9f769d
tierklinik-schwanenstadt.at,3a8545ed04c39b38bd5a3298ae952bdf
tradetermsrc.com,1a4d69590d6522a3eddc0eac0feb1ef9
treat-town.com,2451717c00628ef3570ce83a3022960e
tryroyalcanin.com,18779941972f79e245717749ff59069e
twixchocolat.fr,c02910ba3038db5a6af37c517fff4944
twix.com,c948c54f45d770c8aeb31c2e08ee47f3
twix.co.uk,40afccda738e550ae9575cccbed74fa4
twix.de,a8eb1f460fe0a0ba94fda00598017ba0
twix.it,e2518782aaaa276316a016da31e421da
twix.nl,c896bc47deed076d17365f430ad45955
twix.pl,907b140cbd6fca7cce5942faec823939
twix.ua,c68d5025be70c500d3bd48202cfba4aa
uat-eukanube-cd-01.royalcanin.com,17aae34e94a8e609b06973e7d7176acc
uat-eukanube-cd-02.royalcanin.com,11775a73d36cccdcd21eef95d035766e
uat-eukanube-cm-01.royalcanin.com,cc316756564ebb8defe082c395e0fc0b
uat-royalcanin-cd-01.royalcanin.com,cfddb95cf52e58c7d50e2470215e1282
uat-royalcanin-cd-02.royalcanin.com,d421d9d6c2e18a05e42766622620add7
uat-royalcanin-cm-01.royalcanin.com,3cf88d16dd8ef5c538965d1be18c5de7
uat.royalcanin.com,093d93a17895a4a84fc69902b1529793
uat-sitecorerc-cd-eukanuba.mars.com,5900eaac2cdc6e5a6a7471e44e9fa6b6
uat-sitecorerc-cd.mars.com,74ef3851e8916c0e2b52538d180a6d21
uat-sportingdog-cd-01.royalcanin.com,2254e8c625d0f254b79dabe782550d87
uat-sportingdog-cd-02.royalcanin.com,57237399d37e5bc88ff822f0f625ed17
uat-sportingdog-cm-01.royalcanin.com,f6a23f59f4199141d6de5d5960ecdfe8
uat-vetfocus-cd-01.royalcanin.com,4874e28ef00e05953626d83dad487070
uat-vetfocus-cd-02.royalcanin.com,a2416fa66a141f8aae72e38e9deba2be
uat-vetfocus-cm-01.royalcanin.com,cb05966c25999d6687a5957ae9b9d7ba
uatwedding.royalcanin.com,22faa1f67135f9bf4cb11908eb24c84c
uday.com,99f866f05ca2b5b95462aef186a6cf42
unclebens.ca,43e8df7aafe5ea951c143b38787ca3f8
unclebens.com.au,bd4e32a3597053c4398ae2ba020774f3
veritassupplierportal.mars.com,7135fc7901d6edf586741dcfdbb6e00e
veritassupplierportal.test3.mars.com,70b0d66d083e9778bd778b3afef97f6a
vetfocus.royalcanin.com,266e7cda135e35c08a62a241c24f05a9
vetmanager-srs.royalcanin.com,34081a7745b9a0c2b01075394dea9686
vet.royalcanin.com,ea3d66e3e35860ebebc2ec517e5bea4f
vetsymposium.royalcanin.com,87d741d65da304c2eb850faaaf72c397
waltham.com,7bacfd54e93eff35e2247a22c6abe24a
webshopservices-central-uat.extranet.royalcanin.org,a75d02577a525e880a8e27b5f6b2480b
welcome.royalcanin.com,426ff3163f2c4706e36cf1beacc0b299
welttiertag.ch,bdc59229d47746e8ca6c4118101dfe49
whiskas.at,e2f1f32cae8e998f65c858ab9ed8c681
whiskas.be,e1dec37558e9a91306ca44c263e84e4d
whiskas.ca,913257e3a99de491474ae25d445e151d
whiskas.cl,870dca27f324c4b28c0987753c85eae7
whiskas.com,55f26720d58cf707e184748911853ccb
whiskas.com.ar,e7ca7dbe31861fb2136b9beefd069af4
whiskas.com.au,745187d7c95b7d36553c3f1e7bad215c
whiskas.com.br,4c03cb9aec096a1707375bb231a37eba
whiskas.com.mx,7db31da4f0c9e3098ef43b3ac45f75c2
whiskas.com.my,9f042a4798f4fe5466d0dda3a263b8db
whiskas.co.nz,bd1e04609e383f23f3453462ac942c04
whiskas.co.uk,02abae01aaf6b9588d1cf905e8da557e
whiskas.cz,da1eb1bf7ff26638dd054499ddf21019
whiskas.de,b57f493ade1020e4ee05a065296dc4a8
whiskas.dk,744581639503553d65faa980b964f6c7
whiskas.ee,32d38f610ac978ade222daf83f422f76
whiskas.es,f47b80dba23e39ab7df318223f72640c
whiskas.fi,8dece1b2d9d915954e80334b80adb6d6
whiskas.fr,94bca237c310b7bf0a8ff7ee5f80b1c1
whiskas.gr,b1e5ca4a19ee976e5ba1e7cd7a2edc1d
whiskas.in,fb42ae66daf007cb59dc6f2e66f77458
whiskasindonesia.com,413c008fba667d4cce328c8cba02d13c
whiskas.it,36e18ba51da51bd786fd7460c3ec7526
whiskas.lt,da9b71c33f5e17796054dcb8a0f78775
whiskas.lv,55c99b8e230186d7dec1cff99b377efe
whiskas.mx,54239f357174a71f650b70cb455adaa9
whiskas.nl,62b05b345a16ef88234f8313fafb9916
whiskas.no,9772948b45bf1536035ecd885cf2619a
whiskas.pl,206f79a31cfac8d494db126debde1521
whiskas.ru,09df5cc9fcefe55ef2a285c59d9f080b
whiskas.se,4333d1ffcec2ac4c57e1858aa81f4822
whiskas.si,2fd4837fc3ed6e1bb63a3232ac113835
whiskas.ua,cc6348f1c4af0e76d887b1aaf915b48e
wrigleys-extra.de,31630adb680705c3024f5c6799ff3050
www.royalcanin.com,e6615869c476b981d8b054cecd39bfeb
