TestID,WebsiteName,WebsiteURL,CheckRate,ContactGroup,TestTags,WebsiteHost,EnableSSLAlert,FollowRedirect,TriggerRate,Confirmation,Timeout
3736407,https://1af-class.pedigree.ru,https://1af-class.pedigree.ru,300,5664,Dataline RU,DATALINE RU,1,1,2,2,20
3871843,https://memdog.mydreammama.ru,https://memdog.mydreammama.ru,300,5664,plesk-01.mngt.mars.com,DATALINE RU,1,1,2,2,20
3886970,https://promo.perfectfit.ru,https://promo.perfectfit.ru,300,5664,perfectfit.mngt.mars.com,DATALINE RU,1,1,2,2,20
3687808,https://1af.pedigree.ru,https://1af.pedigree.ru,300,"5664,122534",plesk-01.mngt.mars.com,DATALINE RU,1,1,2,2,20
3687809,https://eukanuba.ru,https://eukanuba.ru,300,5664,eukanuba.mngt.mars.com,DATALINE RU,1,1,2,2,20
371843,https://perfectfit.ru,https://perfectfit.ru,300,"5664,122532,122534",plesk-01.mngt.mars.com,DATALINE RU,1,1,2,2,20
3687812,https://orbit-promo.ru,https://orbit-promo.ru,300,5664,plesk-01.mngt.mars.com,DATALINE RU,1,1,2,2,20
3687813,https://promo.pedigree.ru,https://promo.pedigree.ru,300,"5664,122534",promo-pedigree.mngt.mars.com,DATALINE RU,1,1,2,2,20
3437701,https://whiskas-pedigree.ru,https://whiskas-pedigree.ru,300,"5664,122534,122542",plesk-01.mngt.mars.com,DATALINE RU,1,1,2,2,20
3687814,https://skittlespromo.ru,https://skittlespromo.ru,300,5664,skittles-promo.mngt.mars.com,DATALINE RU,1,1,2,2,20
3437702,https://mydreammama.ru,https://mydreammama.ru,300,"5664,122532,122534",plesk-01.mngt.mars.com,DATALINE RU,1,1,2,2,20
3437703,https://promo.whiskas.ru,https://promo.whiskas.ru,300,"5664,122534",promo-whiskas.mngt.mars.com,DATALINE RU,1,1,2,2,20
3437706,https://prof.pedigree.ru,https://prof.pedigree.ru,300,"5664,122534,122542",plesk-01.mngt.mars.com,DATALINE RU,1,1,2,2,20
3437707,https://professional.pedigree.ru,https://professional.pedigree.ru,300,"5664,122534,122542",plesk-01.mngt.mars.com,DATALINE RU,1,1,2,2,20
3471269,https://mms-promo.ru,https://mms-promo.ru,300,5664,plesk-02.mngt.mars.com,DATALINE RU,1,1,2,2,20
116913,https://sheba.ru,https://sheba.ru,300,"5664,122534,122542",plesk-01.mngt.mars.com,DATALINE RU,1,1,2,2,20
2806717,Korkunov.ru,Korkunov.ru,300,5664,plesk-01.mngt.mars.com,DATALINE RU,0,1,2,2,20
2806721,https://pedigree.ru,https://pedigree.ru,300,"5664,122532,122534",pedigree.mngt.mars.com,DATALINE RU,1,1,2,2,20
2806725,https://promo-zabota.ru,https://promo-zabota.ru,300,5664,plesk-01.mngt.mars.com,DATALINE RU,1,1,2,2,20
2334662,https://petstory.ru,https://petstory.ru,300,5664,plesk-01.mngt.mars.com,DATALINE RU,1,1,2,2,20
2806731,school.eukanuba.ru,school.eukanuba.ru,300,5664,plesk-01.mngt.mars.com,DATALINE RU,0,1,2,2,20
116684,https://dreamies.ru,https://dreamies.ru,300,"5664,122534,122536",plesk-01.mngt.mars.com,DATALINE RU,1,1,2,2,20
2806732,https://Whiskas.ru,https://Whiskas.ru,300,"5664,122534,122543",whiskas.mngt.mars.com,DATALINE RU,1,1,2,2,20
2806733,https://Lubimchik.ru,https://Lubimchik.ru,300,5664,lubimchik.mngt.mars.com,DATALINE RU,1,1,2,2,20
116942,https://snickers.ru,https://snickers.ru,300,5664,plesk-01.mngt.mars.com,DATALINE RU,1,1,2,2,20
2806735,https://5gum.ru,https://5gum.ru,300,5664,plesk-01.mngt.mars.com,DATALINE RU,1,1,2,2,20
117713,https://chappi.ru,https://chappi.ru,300,"5664,122534",plesk-01.mngt.mars.com,DATALINE RU,1,1,2,2,20
2806747,https://worldanimalday.ru,https://worldanimalday.ru,300,"5664,122534,122541",plesk-01.mngt.mars.com,DATALINE RU,1,1,2,2,20
2984433,https://catday.ru,https://catday.ru,300,"5664,122534,122541",plesk-01.mngt.mars.com,DATALINE RU,1,1,2,2,20

