TestID,WebsiteName,WebsiteURL,CheckRate,ContactGroup,TestTags,WebsiteHost,EnableSSLAlert,FollowRedirect,TriggerRate,Confirmation,Timeout
3633943,https://promo.cesar.ru,https://promo.cesar.ru,300,5664,plesk-01.mngt.mars.com,DATALINE RU,1,1,2,2,20
116762,https://kitekat.ru,https://kitekat.ru,300,"5664,122534,122536",kitekat.mngt.mars.com,DATALINE RU,1,1,2,2,20
3633949,https://naturestable.ru,https://naturestable.ru,300,"5664,122534",plesk-01.mngt.mars.com,DATALINE RU,1,1,2,2,20
116775,https://www.cesar.ru,https://www.cesar.ru,300,"5664,122532,122534",plesk-01.mngt.mars.com,DATALINE RU,1,1,2,2,20
116778,https://catsan.ru,https://catsan.ru,300,5664,plesk-01.mngt.mars.com,DATALINE RU,1,1,2,2,20
