TestID,WebsiteName,WebsiteURL,CheckRate,ContactGroup,TestTags,WebsiteHost,EnableSSLAlert,FollowRedirect,TriggerRate,Confirmation,Timeout
77314,https://www.ethelm.com,https://www.ethelm.com,300,11469,Externally Hosted,Externally Hosted,1,1,2,2,20
2322181,https://shop.marsdrinks.ca,https://shop.marsdrinks.ca,300,75196,Externally Hosted,Externally Hosted,1,1,2,2,20
2322195,https://shop.marsdrinks.co.uk,https://shop.marsdrinks.co.uk,300,75196,Externally Hosted,Externally Hosted,1,1,2,2,20
3141688,https://multifunction.royalcanin.fi,https://multifunction.royalcanin.fi,300,75197,Externally Hosted,Externally Hosted,1,1,2,2,20
3141690,https://multifunction.royalcanin.dk,https://multifunction.royalcanin.dk,300,75197,Externally Hosted,Externally Hosted,1,1,2,2,20
3141691,https://multifunction.royalcanin.no,https://multifunction.royalcanin.no,300,75197,Externally Hosted,Externally Hosted,1,1,2,2,20
3141692,https://multifunction.royalcanin.se,https://multifunction.royalcanin.se,300,75197,Externally Hosted,Externally Hosted,1,1,2,2,20
3141693,https://multifunction.royalcanin.es,https://multifunction.royalcanin.es,300,75197,Externally Hosted,Externally Hosted,1,1,2,2,20
3141695,https://multifunction.royalcanin.lt,https://multifunction.royalcanin.lt,300,75197,Externally Hosted,Externally Hosted,1,1,2,2,20
3141696,https://multifunction.royalcanin.lv,https://multifunction.royalcanin.lv,300,75197,Externally Hosted,Externally Hosted,1,1,2,2,20
3141697,https://multifunction.royalcanin.ee,https://multifunction.royalcanin.ee,300,75197,Externally Hosted,Externally Hosted,1,1,2,2,20
3141698,https://multifunction.royalcanin.com.ua,https://multifunction.royalcanin.com.ua,300,75197,Externally Hosted,Externally Hosted,1,1,2,2,20
3141699,https://multifunction.royalcanin.nl,https://multifunction.royalcanin.nl,300,75197,Externally Hosted,Externally Hosted,1,1,2,2,20
3141700,https://multifunction.royalcanin.pt,https://multifunction.royalcanin.pt,300,75197,Externally Hosted,Externally Hosted,1,1,2,2,20
3141701,https://retailwebshop.royalcanin.nl,https://retailwebshop.royalcanin.nl,300,111189,Externally Hosted,Externally Hosted,1,1,2,2,20
2322246,https://shop.marsdrinks.com,https://shop.marsdrinks.com,300,75196,Externally Hosted,Externally Hosted,1,1,2,2,20
3141703,https://www.portal.royalcanin.no,https://www.portal.royalcanin.no,300,111189,Externally Hosted,Externally Hosted,1,1,2,2,20
3141704,https://pedidos.royalcanin.com.br,https://pedidos.royalcanin.com.br,300,111189,Externally Hosted,Externally Hosted,1,1,2,2,20
2322249,https://shop.marsdrinks.de,https://shop.marsdrinks.de,300,75196,Externally Hosted,Externally Hosted,1,1,2,2,20
3141705,https://weborder.royalcanin.se,https://weborder.royalcanin.se,300,111189,Externally Hosted,Externally Hosted,1,1,2,2,20
3141706,https://www.webshop.royalcanin.fi,https://www.webshop.royalcanin.fi,300,111189,Externally Hosted,Externally Hosted,1,1,2,2,20
106827,https://www.mymms.pl,https://www.mymms.pl,300,11469,Externally Hosted,Externally Hosted,1,1,2,2,20
3141707,https://order.royalcanin.co.kr,https://order.royalcanin.co.kr,300,111189,Externally Hosted,Externally Hosted,1,1,2,2,20
2322256,https://shop.marsdrinks.fr,https://shop.marsdrinks.fr,300,75196,Externally Hosted,Externally Hosted,1,1,2,2,20
77396,https://www.mymms.be,https://www.mymms.be,300,11469,Externally Hosted,Externally Hosted,1,1,2,2,20
77397,https://www.mymms.co.uk,https://www.mymms.co.uk,300,11469,Externally Hosted,Externally Hosted,1,1,2,2,20
77398,https://www.mymms.de,https://www.mymms.de,300,11469,Externally Hosted,Externally Hosted,1,1,2,2,20
77400,https://www.mymms.fr,https://www.mymms.fr,300,11469,Externally Hosted,Externally Hosted,1,1,2,2,20
77401,https://www.mymms.it,https://www.mymms.it,300,11469,Externally Hosted,Externally Hosted,1,1,2,2,20
77402,https://www.mymms.nl,https://www.mymms.nl,300,11469,Externally Hosted,Externally Hosted,1,1,2,2,20
2322266,https://www.wrigleydirect.com,https://www.wrigleydirect.com,300,75198,Externally Hosted,Externally Hosted,1,1,2,2,20
1104242,https://performancemanager5.successfactors.eu/login?company=marsinformP,https://performancemanager5.successfactors.eu/login?company=marsinformP,300,15289,Externally Hosted,Externally Hosted,1,1,2,2,20
3640463,https://www.royalcanin.com,https://www.royalcanin.com,300,132519,Externally Hosted,Externally Hosted,1,1,2,2,20
339869,https://www.eukanuba.jp,https://www.eukanuba.jp,300,5664,Externally Hosted,Externally Hosted,1,1,2,2,20
126908,https://www.mymms.com,https://www.mymms.com,300,11469,Externally Hosted,Externally Hosted,1,1,2,2,20
1572858,https://www.mymms.es,https://www.mymms.es,300,11469,Externally Hosted,Externally Hosted,1,1,2,2,20
