WebsiteName,Comments,WebsiteURL,CheckRate,ContactGroup,TestTags,WebsiteHost,EnableSSLAlert,FollowRedirect,TriggerRate,Confirmation,Timeout
https://catsan.ru,,https://catsan.ru,300,5664,dpuk-vl-lamp07,DPUK-S,1,1,2,2,20
https://catscanner.co.nz,http://www.catscanner.co.nz,https://catscanner.co.nz,300,5664,dphk-vl-lamp02,DPHK-S,0,1,2,2,20
https://cdn.wechat.whiskas.com.cn,http://cdn.wechat.whiskas.com.cn,https://cdn.wechat.whiskas.com.cn,300,5664,dphk-vl-lamp01,DPUK-S,0,1,2,2,20
https://cms.americanheritagechocolate.com,https://www.americanheritagechocolate.com/,https://cms.americanheritagechocolate.com,300,5664,dpuk-vl-lamp08,DPUK-S,1,1,2,2,20
www.cocoavia.com.tw,Authorization required/ quality not working,www.cocoavia.com.tw,300,5664,dphk-vl-lamp01,DPHK-S,0,1,2,2,20
www.eucuido.pt,working with https also,www.eucuido.pt,300,5664,dpuk-vl-web02,DPUK-S,0,1,2,2,20
www.eukanuba.pr,,www.eukanuba.pr,300,5664,dpuk-vl-web03,DPUK-S,0,1,2,2,20
https://gewinnspiel.wrigleys-extra.de,This is this promation site ,https://gewinnspiel.wrigleys-extra.de,300,5664,dpuk-vl-marsonlinede01,DPUK-D,1,1,2,2,20
https://kitekat.com,https://www.kitekat.com/,https://kitekat.com,300,5664,dpuk-vl-lamp08,DPUK-S,1,1,2,2,20
https://beginwithben.ca,Redirecting to http://beginwithben.ca/recipes,https://beginwithben.ca,300,5664,dpuk-vl-lamp09,DPUK-S,0,1,2,2,20
https://www.unclebens.ch,,https://www.unclebens.ch,300,5664,dpuk-vl-lamp08,DPUK-S,1,1,2,2,20
https://www.celebrations.de,,https://www.celebrations.de,300,5664,dpuk-vl-lamp07,DPUK-S,1,1,2,2,20
https://www.maltesers.de,,https://www.maltesers.de,300,5664,dpuk-vl-lamp07,DPUK-S,1,1,2,2,20
https://migration.twix.de,We don�t monitor migrtion url's ,https://migration.twix.de,300,5664,dpuk-vl-lamp07,DPUK-S,0,1,2,2,20
https://www.miracoli.de,,https://www.miracoli.de,300,5664,dpuk-vl-lamp07,DPUK-S,1,1,2,2,20
https://www.m-ms.pt,,https://www.m-ms.pt,300,5664,dpuk-vl-lamp07,DPUK-S,1,1,2,2,20
https://new.cesar.ch,https Not working and It has prod site ,https://new.cesar.ch,300,5664,dpuk-vl-lamp06,DPUK-S,0,1,2,2,20
https://www.nutro.es,,https://www.nutro.es,300,5664,dpuk-vl-web03,DPUK-S,1,1,2,2,20
www.orbit.com.al,redirecting to non www and no ssl,www.orbit.com.al,300,5664,dpuk-vl-lamp11,DPUK-S,0,1,2,2,20
https://orbitwinacar.gr,can add with www https://www.orbitwinacar.gr,https://orbitwinacar.gr,300,5664,dpuk-vl-web04,DPUK-D,1,1,2,2,20
www.petribbon.at,,www.petribbon.at,300,5664,dpuk-vl-lampat,DPUK-D,0,1,2,2,20
https://prof.pedigree.ru,,https://prof.pedigree.ru,300,5664,dpuk-vl-lamp06,DPUK-S,1,1,2,2,20
https://promotion.nutro.de,Promotion ended on 31/march/2019,https://promotion.nutro.de,300,5664,dpuk-vl-marsonlinede01,DPUK-D,1,1,2,2,20
www.romaniamergelascoala.ro,Site using redirection ip and not in linux server/No hosting,www.romaniamergelascoala.ro,300,5664,dpuk-vl-web01,DPUK-S,0,1,2,2,20
www.skittles.sk,,www.skittles.sk,300,5664,dpuk-vl-web03,DPUK-S,0,1,2,2,20
www.snickers.bg,,www.snickers.bg,300,5664,dpuk-vl-web02,DPUK-S,0,1,2,2,20
https://www.whiskas.com.ar,,https://www.whiskas.com.ar,300,5664,dpuk-vl-lamp09,DPUK-S,1,1,2,2,20
https://wrigleynordics.com,,https://wrigleynordics.com,300,5664,dpuk-vl-lamp08,DPUK-S,1,1,2,2,20
https://www.petprofi.de,,https://www.petprofi.de,300,5664,dpuk-vl-marsonlinede01,DPUK-D,1,1,2,2,20
https://www.marsfrance.fr,,https://www.marsfrance.fr,300,5664,dpuk-vw-web07,DPUK-S,1,1,2,2,20
https://www.unclebens.fr,,https://www.unclebens.fr,300,5664,dpuk-vw-web09,DPUK-S,1,1,2,2,20
https://marsticketing.co.uk,,https://marsticketing.co.uk,300,5664,dpuk-vw-web10,DPUK-S,1,1,2,2,20
www.marsbar.co.uk,,www.marsbar.co.uk,300,5664,dpuk-vw-web10,DPUK-S,0,1,2,2,20
https://www.nutro.ca,,https://www.nutro.ca,300,5664,dpuk-vw-pet-web03,DPUK-S,1,1,2,2,20
https://www.sheba.com.tr,,https://www.sheba.com.tr,300,5664,dpuk-vw-pet-web02,DPUK-S,1,1,2,2,20
