TestID,WebsiteName,WebsiteURL,CheckRate,TestTags,WebsiteHost,EnableSSLAlert,FollowRedirect,TriggerRate,Confirmation,Timeout
113884,www.munchbar.com,www.munchbar.com,300,svvs-v-win-web04,SVVS-PROD,0,1,2,2,20
113887,marslegal.marsfb.com,marslegal.marsfb.com,300,svvs-v-win-web04,SVVS-PROD,0,1,2,2,20
3598305,https://stage.sheba.com,https://stage.sheba.com,300,svvs-v-win-stage-sf04,SVVS-STAGE,1,1,2,2,20
3883747,https://mars.pt,https://mars.pt,300,svvs-v-win-web05,SVVS-PROD,1,1,2,2,20
3076067,svvs-v-win-sf-web03,209.143.250.252,300,"svvs-v-win-sf-web01, svvs-v-win-sf-web02",SVVS-PROD,0,1,2,2,20
113892,www.goodlifepet.com,www.goodlifepet.com,300,svvs-v-win-web04,SVVS-PROD,0,1,2,2,20
3883751,https://mars.co.id,https://mars.co.id,300,svvs-v-win-web05,SVVS-PROD,1,1,2,2,20
545255,misfitsdotm.marsfb.com,misfitsdotm.marsfb.com,300,svvs-v-win-web04,SVVS-PROD,1,1,2,2,20
113896,docs.mars.com,docs.mars.com,300,svvs-v-win-web04,SVVS-PROD,0,1,2,2,20
3598312,https://masteringdigitalexperience.mars.com,https://masteringdigitalexperience.mars.com,300,svvs-v-win-sf-web03,SVVS-PROD,1,1,2,2,20
3076072,svvs-v-win-sf-web04,209.143.250.74,300,"svvs-v-win-sf-web01, svvs-v-win-sf-web02",SVVS-PROD,0,1,2,2,20
3102697,stage.gumwithgame.ca,stage.gumwithgame.ca,300,svvs-v-rlx-wrigley-web01,SVVS-PROD,0,1,2,2,20
113897,www.combos.com,www.combos.com,300,svvs-v-win-web04,SVVS-PROD,0,1,2,2,20
3102698,stage.hammerraindance.com,stage.hammerraindance.com,300,svvs-v-rlx-wrigley-web01,SVVS-PROD,0,1,2,2,20
3102699,https://stage.happyhockeydays.ca,https://stage.happyhockeydays.ca,300,svvs-v-rlx-wrigley-web01,SVVS-PROD,1,1,2,2,20
3598315,https://stage-masteringdigitalexperience.mars.com,https://stage-masteringdigitalexperience.mars.com,300,svvs-v-win-stage-sf04,SVVS-STAGE,1,1,2,2,20
3102700,https://stage.iams.com,https://stage.iams.com,300,svvs-v-win-stage-sf03,SVVS-STAGE,1,1,2,2,20
3883758,https://mars.es,https://mars.es,300,svvs-v-win-web05,SVVS-PROD,1,1,2,2,20
75759,www.life-savers.com,www.life-savers.com,300,svvs-v-rlx-wrigley-web01,SVVS-PROD,0,1,2,2,20
3102704,stage.incentive.wrigley.com,stage.incentive.wrigley.com,300,svvs-v-win-stage-web03,SVVS-STAGE,0,1,2,2,20
3696112,https://www.nutro.ca,https://www.nutro.ca,300,svvs-v-win-sf-web03,SVVS-PROD,1,1,2,2,20
113392,https://tracks.mars.com,https://tracks.mars.com,300,svvs-v-win-aime-web01,SVVS-PROD,1,1,2,2,20
3883761,https://mars.ch,https://mars.ch,300,svvs-v-win-web05,SVVS-PROD,1,1,2,2,20
3107313,https://cravepetfoods.com,https://cravepetfoods.com,300,svvs-v-win-sf-web03,SVVS-ECOM,1,1,2,2,20
3107314,csscnrf.mars.com,csscnrf.mars.com,300,svvs-v-win-aime-web01,SVVS-PROD,0,1,2,2,20
3107826,https://marketingportal.mars.com,https://marketingportal.mars.com,300,"svvs-v-win-sf-web02, svvs-v-win-sf-web01",SVVS-ECOM,1,1,2,2,20
113394,https://qatarbi.mars.com,https://qatarbi.mars.com,300,svvs-v-win-aime-web01,SVVS-PROD,1,1,2,2,20
3107315,cssreports.mars.com,cssreports.mars.com,300,svvs-v-win-aime-web01,SVVS-PROD,0,1,2,2,20
3112435,daslebenistecht.5gum.de,daslebenistecht.5gum.de,300,svvs-v-rlx-wrigley-web01,SVVS-PROD,0,1,2,2,20
113395,https://posm-ae.mars.com,https://posm-ae.mars.com,300,svvs-v-win-aime-web01,SVVS-PROD,1,1,2,2,20
3076083,svvs-v-win-tws01,206.79.212.49,300,svvs-v-win-tws01,SVVS-STAGE,0,1,2,2,20
3102708,stage.kiosk.mymms.com,stage.kiosk.mymms.com,300,"svvs-v-win-stage-web01, svvs-v-win-stage-web02",SVVS-STAGE,0,1,2,2,20
3107316,cssupload.mars.com,cssupload.mars.com,300,svvs-v-win-aime-web01,SVVS-PROD,0,1,2,2,20
3112436,https://excelfearnofood.ca,https://excelfearnofood.ca,300,svvs-v-rlx-wrigley-web01,SVVS-PROD,1,1,2,2,20
3883766,https://marstaiwan.tw,https://marstaiwan.tw,300,svvs-v-win-web05,SVVS-PROD,1,1,2,2,20
113398,https://cssv2.mars.com,https://cssv2.mars.com,300,svvs-v-win-aime-web01,SVVS-PROD,1,1,2,2,20
1956854,www.marsgfsc.com,www.marsgfsc.com,300,"svvs-v-win-sf02, svvs-v-win-sf-web01",SVVS-PROD,0,1,2,2,20
3076086,svvs-v-rlx-web01,64.58.82.90,300,svvs-v-rlx-web01,SVVS-PROD,0,1,2,2,20
3102711,stage.ksw.mymms.eu,stage.ksw.mymms.eu,300,"svvs-v-win-stage-web01, svvs-v-win-stage-web02",SVVS-STAGE,0,1,2,2,20
2844407,https://mip.mars.com,https://mip.mars.com,300,svvs-v-win-tws01,SVVS-PROD,1,1,2,2,20
3107831,https://marschocolate.com,https://marschocolate.com,300,svvs-v-win-sf-web04,SVVS-ECOM,1,1,2,2,20
113399,https://bahrainbi.mars.com,https://bahrainbi.mars.com,300,svvs-v-win-aime-web01,SVVS-PROD,1,1,2,2,20
2844408,www.cargo.mars.com,www.cargo.mars.com,300,svvs-v-win-tws01,SVVS-PROD,0,1,2,2,20
3107320,dataservices.mars.com,dataservices.mars.com,300,svvs-v-win-web03,SVVS-PROD,0,1,2,2,20
3102713,stage.m.orbitgum.com,stage.m.orbitgum.com,300,svvs-v-win-wrigley-web01,SVVS-PROD,0,1,2,2,20
113913,https://orbit-micro-us.wrigleyfb.com,https://orbit-micro-us.wrigleyfb.com,300,svvs-v-win-wrigley-web01,SVVS-PROD,1,1,2,2,20
3076089,svvs-v-rlx-wrigley-web01,64.58.82.112,300,svvs-v-rlx-wrigley-web01,SVVS-STAGE,0,1,2,2,20
3883770,https://marsczech.cz,https://marsczech.cz,300,svvs-v-win-web05,SVVS-PROD,1,1,2,2,20
3102714,stage.marketplace.mymms.eu,stage.marketplace.mymms.eu,300,"svvs-v-win-stage-web01, svvs-v-win-stage-web02",SVVS-STAGE,0,1,2,2,20
3102715,https://stage.mars.com,https://stage.mars.com,300,"svvs-v-win-stage-sf01, svvs-v-win-stage-sf02",SVVS-STAGE,1,1,2,2,20
113916,m.orbitgum.com,m.orbitgum.com,300,svvs-v-rlx-wrigley-web01,SVVS-PROD,0,1,2,2,20
113918,www.lucas.com.mx,www.lucas.com.mx,300,svvs-v-rlx-wrigley-web01,SVVS-PROD,0,1,2,2,20
77311,footer.mars.com,footer.mars.com/js/footer.js.aspx?airwaves-fr,300,"svvs-v-win-web01, svvs-v-win-web02",SVVS-PROD,0,1,2,2,20
