dpuk-vl-web02,dpuk-vl-lamp06,dpuk-vl-lamp07,dpuk-vl-lamp08,dpuk-vl-lamp09,dpuk-vl-lampat,dpuk-vl-web01,dpuk-vl-lamp10,dpuk-vl-lampat01,dpuk-vl-lamp11,dpuk-vl-lamp05
Total Active sites: 46,Total Active sites: 39,Total Active sites: 54,Total Active sites: 47,Total Active sites: 75,Total Active sites: 15,Total Active sites: 66,Total Active sites: 41,Total Active sites: 4,Total Active sites: 45,Total Active sites: 34
pedigree.cl,prof.pedigree.ru,ebly.de,sheba.pt,winwithwrigley.co.uk,gesundehundezaehne.at,m-ms.hu,uk-starburst-basket.wrigleyfb.com,twix.at,marschallengehunters.pl,cesar.es
catwyse.co.uk,dreamies-snacks.de,miracoli.de,stage.sheba.pt,pedigree.ee,kitekat.at,50ansdepartage.whiskas.fr,m-ms.ru,unclebens.at,apipond.co,frolic.es
royalcanin.co.uk,gebitscontrole.nl,exelcat.ch,pedigree.ua,stage.pedigree.ee,stage.kitekat.at,konkurs.pedigree.pl,mmspromotions.ca,valentierstag.at,regulatory-info-api.com,m-ms.ee
testdomain.com,balisto.ch,happymoments.ch,marspackssce.com,heritagechocolate.ca,pedigreeaustria.marsfb.com,mms.pl,mmspromotions.com,testaktion.perfect-fit.at,whiskascanada.marsfb.com,m-ms.lt
support.sol.sitenka.ru,munkatars.mars.hu,amicelli.de,skittles-buildtherainbow-uk.wrigleyfb.com,beginwithben.ca,whiskasaustria.marsfb.com,initiativezahngesundheit.de,mmspromotions.marsfb.com,,wrigley.de,m-ms.lv
easyfortune.ca,perfectfit.ru,balisto.de,unclebens.ch,weR4pets.com,maltesers.at,eukanuba.com.mx,maltesers.ru,,dolmio.fi,snickers.dk
twix.si,marathonbars.com,celebrations.de,whiskascontest.ca,whiskas.com.ar,snickers.at,eukanuba.ru,elaintenpaiva.fi,,5gum.co.ba,snickersbar.no
twix.rs,dreamies-de.marsfb.com,maltesers.de,pedigree.nl,pedigree.pl,balisto.at,skittleswin.com,mycareandtreatsrange.com,,5gum.rs,snickerschoklad.se
twix.bg,perfectfit.hu,snickers.de,puppytrainer.nl,makeitmeanmoreatwrigley.com,chappi.at,snickers.cz,pedigree.in,,twix.eu,perfectfit.cz
twix.lv,sheba.hu,twix.de,dolmio.ru,naplntemisky.cz,dreamies-snacks.at,snickers.sk,clevernaschen.de,,revealyourfortune.ca,stage.perfectfit.cz
twix.ee,pedigree.co.za,frolic.de,klix-kaffeeautomaten.de,naplntemisky.sk,frolic.at,supplymedia.mars.com,stage.clevernaschen.de,,catsan.fr,sheba.ua
twix.hr,dreamiessnacks.de,trill.de,support.sol.sitenka.ru,snickers.pt,cesar.at,psieszczescie.pedigree.pl,planetmarsme.marsfb.com,,unclebens.pl,balisto.fr
twix.ba,sheba.pl,perfect-fit.ch,twix.bg,marspresskit.com,petribbon.at,4lapy.pedigree.pl,marsicecream.ru,,chasemdown.com,pedigree.hu
mars-traineeship.com,unclebens.se,pedigree.sk,tierwochen.ch,mars-graduates.ru,snickers.co.at,oralcareeducation.com,altoids.com,,orbit.net.al,twixujsvetpocka.cz
snickers.hu,unclebens.dk,catsan.ch,semainesdesanimaux.ch,kampanja.nutro.fi,catsan.at,marspet.marsfb.com,fr.wrigleyoralcare.com,,skittles.se,miracoli-de.marsfb.com
royalfamily.royalcanin.co.uk,pedigree.lt,whiskas.ua,whiskas.com.co,greenies.es,,20sec.dolmio.ru,whiskas.co.za,,revelezvotrefortune.ca,hundezaehne.ch
freedent.be,pedigree.lv,whiskas.cl,welttiertag.ch,snickers.com.mx,,pedigree.com.mx,unclebenspromotions.marsfb.com,,revelezvotrefortune.com,unclebens.de
snickers.cz,stage.airwaves.fr,histoiresdemacher.fr,pedigree.com.co,mms.com.mx,,nutronaturalchoice.fr,dolmio.dk,,chasemdown.ca,stage.unclebens.de
united.twix.co.uk,airwaves.fr,m-ms.pt,kitekat.pl,whiskas.com.mx,,jeuwhiskas.fr,dolmio.se,,alapoursuitedesm.com,uncle-bens.de
unwindwithdove.com,wrigley.cz,m-ms-pt.marsfb.com,twix.rs,newsletter.mars.com,,apifishcare.com,dolmio.no,,alapoursuitedesm.ca,unclebens.co.uk
snickers.mk,cookiestage.starburst.co.uk,meincesar.de,workitkitty.com,chappi.cz,,stage.apifishcare.com,chappi.de,,temptationscontest.ca,perfectfitza21dnu.cz
snickers.ee,thomas-katzenstreu.de,cesar.pt,snickers.ee,chappi.sk,,stage.skittleswin.com,promotions.marsfoodservices.com,,eukanuba.com.ar,mars-graduates.kz
snickers.lt,mars-icecream.de,oralatp.com,snickers.lt,seedsofchange.ca,,catsan.nl,mfssupportkit.com,,tastenewflavours.ca,chewtowin.com
paris.sheba.at,mars-riegel.de,ilspartentavecnous.org,whiskas.lv,whiskas.cz,,excelgum.ca,milkyway.com.mx,,soutez.snickers.cz,orbit.si
greenies.es,catisfactions.nl,whiskas.fi,whiskas.ee,remixtherainbow.com,,stage.excelgum.ca,chewtowin-sa.wrigleyfb.com,,aktionswochen.ch,orbit.ba
snickers.si,cesar.ch,unclebens.fi,whiskas.lt,NAstakeholders.mars.com,,airwaves.mk,winwithmms.com,,dp.mars.com,orbit.com.hr
snickers.com.hr,new.cesar.ch,unclebens.be,americanheritagechocolate.com,initiativezahngesundheit.de,,medaillepersonnalisee.com,catisfactions.pt,,royco.co.za,orbit.co.rs
snickers.ba,cookiestage2.starburst.co.uk,unclebens.nl,dessertmoments.com,extrastyleyoursmile.com,,pdhb.mars.com,airwaves-gold-hr.net,,bensbeginners.eu,faceoff.5gum.com
cesar.ru,maandvandegebitsverzorging.nl,catsan.ru,miracoli.be,extrawinninglooks.com,,peanutsustainability.com,airwaves-gold-bih.net,,sheba.de,skittles.si
skittles.fi,remix-de.wrigleyfb.com,kitekat.ru,whiskas.pl,extrawindesignersunglasses.ie,,whiskas.pt,galaxy.ie,,newsletter-global.mars.com,skittles.com.hr
launchpad.mars.com,airwavesnagradjuje.rs,stage-m-ms-pt.marsfb.com,webcc.mars.com,extrawinshoppingspree.ie,,catventures.kitekat.de,bensbeginners.com,,aktion.klix-kaffeeautomaten.de,skittles.rs
promocja.pedigree.pl,orbit3pack.ba,mms-library.com,chappi.nl,pedigree.ro,,kitekat.de,orbit3pack.si,,bounty-insel.de,m-ms.dk
snickers.me,unclebens.no,snickers.ie,hondenvoeding.nl,m-ms.sk,,kitekat.it,preprod.5gum.si,,izberistran.si,5gumexperience.com
perfect-fit.ie,skittles.ba,snickerscanada.marsfb.com,hondenvoer.nl,m-ms.cz,,pedigree.pt,preprod.pedigreefoundation.org,,mars-foodservice.ch,stage.unclebens.co.uk
snickers.al,extradentalchecks.com,kitekat.ch,jameswellbeloved.nl,conditions.starburst.com,,whiskas.nl,m-ms.be,,pedigree.com.mx,
snickersks.com,snickers.fi,balisto-nachhaltig.de,pedigreepal.nl,nutro.es,,hund-fragen-wissen.de,dentastix.pedigree.com.br,,usgovernmentrelationsreport.mars.com,
jomosnacks.com,twix.pt,unclebensbeginners.com,kitekat.com,augmented-reality.wrigleyfb.com,,snickers.com.mx,snickers.de,,stage.mars-foodservice.ch,
pedigree.com.mx,twix.hu,m-ms.se,nutro.it,newsletter.latam.mars.com,,milkyway.com.mx,riceandgrains.ca,,marskariera.pl,
bens-beginners.unclebens.de,stage.twix.hu,m-ms.fi,greenies.it,airwaveswinadventure.com,,twix.cz,unclebens.ca,,it.cesar.com,
milionposilkow.pl,,beginners.unclebens.com,cesarcanada.marsfb.com,airwaveswin.com,,twix.sk,cesar.com.mx,,denta.pedigree.ru,
promotion.snickers.de,,agirpourladoption.com,SkittlesUp.com,snickers.bg,,abccachorro.com,biniteducation.com,,snickers.com.hr,
stage.milionposilkow.pl,,jeuwhiskas.fr,mars-graduates.com.ua,stocktober.wrigley.com,,sommerspiele.m-ms.de,,,snickers.si,
actie.m-ms.nl,,martiansreunited.com,wrigleynordics.com,orbit.com.mk,,stage-20sec.dolmio.ru,,,snickers.ba,
stage.alertgum.com,,posm.sol.sitenka.ru,m-ms.de,conditions.skittles.com,,cesar.com.mx,,,bonplan-nutro.fr,
stage.kitekat.de,,lt-whiskasgame.marsfb.com,metaappsupport.mars.com,whiskas.bg,,aquarian.co.uk,,,5gum.ru,
eukanuba.com.ar,,lv-whiskasgame.marsfb.com,test-server.klix-kaffeeautomaten.de,stage.remix.mms.com,,productdatabase.mars-itr.com,,,,
,,ee-whiskasgame.marsfb.com,nutrocanada.marsfb.com,remix.mms.com,,twix.it,,,,
,,pawsitiveliving.ie,,twixlegrandvote.com,,winwithsnickers.com,,,,
,,klix.fr,,hub.twix.com,,snickers-srbija.com,,,,
,,extra-spende.de,,moviecollectandget.ca,,twixandcoffee.ch,,,,
,,skittles.co.uk,,football.m-ms.be,,winwithtwix.com,,,,
,,skittles.ro,,tracks.pedigree.co.uk,,wineencitytripnaarlonden.nl,,,,
,,twix.lt,,kocipunkt.whiskas.pl,,whiskas.ro,,,,
,,freedent.fr,,kociaradosc.whiskas.pl,,sweetmarsmoments.com,,,,
,,,,skittles.fr,,iams.com.mx,,,,
,,,,football.m-ms.pt,,snickers.fr,,,,
,,,,dentaflex.pedigree.dk,,stage.abcdogs.com.br,,,,
,,,,dentaflex.pedigree.se,,abcdogs.com.br,,,,
,,,,snickers.ua,,peoplefortheplanet.at,,,,
,,,,bensbeginners.ie,,mars-itr.com,,,,
,,,,zasadywdzialaniu.pl,,snickers.hu,,,,
,,,,fbgame.twix.rs,,snickersromania.marsfb.com,,,,
,,,,abccachorro.com,,jeu-pedigree-whiskas.fr,,,,
,,,,cleanbowlchallenge.whiskas.ie,,snickers-choc.ch,,,,
,,,,dentastix.pedigree.dk,,promocja.pedigree.pl,,,,
,,,,dentastix.pedigree.se,,moviequiz.m-ms.nl,,,,
,,,,snickers.sk,,,,,,
,,,,dentastix.pedigree.no,,,,,,
,,,,dentastix.pedigree.fi,,,,,,
,,,,snickersromania.marsfb.com,,,,,,
,,,,bounty.hu,,,,,,
,,,,forms.mars.de,,,,,,
,,,,sobremania.com,,,,,,
,,,,stage.bounty.hu,,,,,,
,,,,hund-fragen-wissen.de,,,,,,
