[{"Triggered":"2021-07-08 01:40:37","StatusCode":200,"Unix":1625708437,"Status":"Up","TestID":6027864},{"Triggered":"2021-07-08 01:36:49","StatusCode":200,"Unix":1625708209,"Status":"Up","TestID":5897020},{"Triggered":"2021-07-08 01:36:06","StatusCode":200,"Unix":1625708166,"Status":"Up","TestID":5897017},{"Triggered":"2021-07-08 01:23:24","StatusCode":200,"Unix":1625707404,"Status":"Up","TestID":5466495},{"Triggered":"2021-07-08 01:20:54","StatusCode":0,"Unix":1625707254,"Status":"Down","TestID":5897017},{"Triggered":"2021-07-08 01:09:53","StatusCode":0,"Unix":1625706593,"Status":"Down","TestID":6027864},{"Triggered":"2021-07-08 01:08:10","StatusCode":0,"Unix":1625706490,"Status":"Down","TestID":5466495},{"Triggered":"2021-07-08 01:06:07","StatusCode":0,"Unix":1625706367,"Status":"Down","TestID":5897020},{"Triggered":"2021-07-07 18:00:26","StatusCode":200,"Unix":1625680826,"Status":"Up","TestID":3640463},{"Triggered":"2021-07-07 17:55:10","StatusCode":0,"Unix":1625680510,"Status":"Down","TestID":3640463},{"Triggered":"2021-07-07 16:00:35","StatusCode":200,"Unix":1625673635,"Status":"Up","TestID":116762},{"Triggered":"2021-07-07 15:55:27","StatusCode":502,"Unix":1625673327,"Status":"Down","TestID":116762},{"Triggered":"2021-07-07 12:31:47","StatusCode":200,"Unix":1625661107,"Status":"Up","TestID":5966230},{"Triggered":"2021-07-07 12:26:33","StatusCode":200,"Unix":1625660793,"Status":"Up","TestID":371843},{"Triggered":"2021-07-07 12:26:25","StatusCode":200,"Unix":1625660785,"Status":"Up","TestID":116942},{"Triggered":"2021-07-07 12:26:21","StatusCode":200,"Unix":1625660781,"Status":"Up","TestID":5893155},{"Triggered":"2021-07-07 12:26:14","StatusCode":200,"Unix":1625660774,"Status":"Up","TestID":5477104},{"Triggered":"2021-07-07 12:26:13","StatusCode":200,"Unix":1625660773,"Status":"Up","TestID":116684},{"Triggered":"2021-07-07 12:25:49","StatusCode":200,"Unix":1625660749,"Status":"Up","TestID":5921495},{"Triggered":"2021-07-07 12:25:43","StatusCode":200,"Unix":1625660743,"Status":"Up","TestID":5751092},{"Triggered":"2021-07-07 12:25:28","StatusCode":200,"Unix":1625660728,"Status":"Up","TestID":3437706},{"Triggered":"2021-07-07 12:24:57","StatusCode":200,"Unix":1625660697,"Status":"Up","TestID":3687809},{"Triggered":"2021-07-07 12:24:51","StatusCode":200,"Unix":1625660691,"Status":"Up","TestID":5949752},{"Triggered":"2021-07-07 12:24:21","StatusCode":200,"Unix":1625660661,"Status":"Up","TestID":116913},{"Triggered":"2021-07-07 12:24:01","StatusCode":200,"Unix":1625660641,"Status":"Up","TestID":116775},{"Triggered":"2021-07-07 12:23:48","StatusCode":200,"Unix":1625660628,"Status":"Up","TestID":2806735},{"Triggered":"2021-07-07 12:23:48","StatusCode":200,"Unix":1625660628,"Status":"Up","TestID":3633949},{"Triggered":"2021-07-07 12:23:08","StatusCode":200,"Unix":1625660588,"Status":"Up","TestID":2806717},{"Triggered":"2021-07-07 12:23:02","StatusCode":200,"Unix":1625660582,"Status":"Up","TestID":117713},{"Triggered":"2021-07-07 12:22:35","StatusCode":200,"Unix":1625660555,"Status":"Up","TestID":5949608},{"Triggered":"2021-07-07 12:22:34","StatusCode":200,"Unix":1625660554,"Status":"Up","TestID":5638871},{"Triggered":"2021-07-07 12:22:15","StatusCode":200,"Unix":1625660535,"Status":"Up","TestID":3687812},{"Triggered":"2021-07-07 12:21:42","StatusCode":200,"Unix":1625660502,"Status":"Up","TestID":3736407},{"Triggered":"2021-07-07 12:16:33","StatusCode":0,"Unix":1625660193,"Status":"Down","TestID":5966230},{"Triggered":"2021-07-07 12:13:15","StatusCode":0,"Unix":1625659995,"Status":"Down","TestID":2806735},{"Triggered":"2021-07-07 12:13:15","StatusCode":0,"Unix":1625659995,"Status":"Down","TestID":3633949},{"Triggered":"2021-07-07 12:13:12","StatusCode":0,"Unix":1625659992,"Status":"Down","TestID":116775},{"Triggered":"2021-07-07 12:12:31","StatusCode":0,"Unix":1625659951,"Status":"Down","TestID":2806717},{"Triggered":"2021-07-07 12:12:26","StatusCode":0,"Unix":1625659946,"Status":"Down","TestID":117713},{"Triggered":"2021-07-07 12:12:02","StatusCode":0,"Unix":1625659922,"Status":"Down","TestID":5638871},{"Triggered":"2021-07-07 12:12:01","StatusCode":0,"Unix":1625659921,"Status":"Down","TestID":5949608},{"Triggered":"2021-07-07 12:11:47","StatusCode":0,"Unix":1625659907,"Status":"Down","TestID":3687812},{"Triggered":"2021-07-07 12:10:53","StatusCode":0,"Unix":1625659853,"Status":"Down","TestID":3736407},{"Triggered":"2021-07-07 12:10:38","StatusCode":0,"Unix":1625659838,"Status":"Down","TestID":371843},{"Triggered":"2021-07-07 12:10:37","StatusCode":0,"Unix":1625659837,"Status":"Down","TestID":5893155},{"Triggered":"2021-07-07 12:10:23","StatusCode":0,"Unix":1625659823,"Status":"Down","TestID":116942},{"Triggered":"2021-07-07 12:10:16","StatusCode":0,"Unix":1625659816,"Status":"Down","TestID":116684},{"Triggered":"2021-07-07 12:10:08","StatusCode":0,"Unix":1625659808,"Status":"Down","TestID":5477104},{"Triggered":"2021-07-07 12:09:54","StatusCode":0,"Unix":1625659794,"Status":"Down","TestID":3437706},{"Triggered":"2021-07-07 12:09:47","StatusCode":0,"Unix":1625659787,"Status":"Down","TestID":5921495},{"Triggered":"2021-07-07 12:09:44","StatusCode":0,"Unix":1625659784,"Status":"Down","TestID":5751092},{"Triggered":"2021-07-07 12:09:01","StatusCode":0,"Unix":1625659741,"Status":"Down","TestID":3687809},{"Triggered":"2021-07-07 12:08:51","StatusCode":0,"Unix":1625659731,"Status":"Down","TestID":5949752},{"Triggered":"2021-07-07 12:08:24","StatusCode":0,"Unix":1625659704,"Status":"Down","TestID":116913},{"Triggered":"2021-07-07 11:46:10","StatusCode":200,"Unix":1625658370,"Status":"Up","TestID":5477104},{"Triggered":"2021-07-07 11:46:08","StatusCode":200,"Unix":1625658368,"Status":"Up","TestID":5477104},{"Triggered":"2021-07-07 11:44:14","StatusCode":200,"Unix":1625658254,"Status":"Up","TestID":3633949},{"Triggered":"2021-07-07 11:44:12","StatusCode":200,"Unix":1625658252,"Status":"Up","TestID":2806735},{"Triggered":"2021-07-07 11:43:27","StatusCode":200,"Unix":1625658207,"Status":"Up","TestID":2806717},{"Triggered":"2021-07-07 11:43:25","StatusCode":200,"Unix":1625658205,"Status":"Up","TestID":117713},{"Triggered":"2021-07-07 11:42:59","StatusCode":200,"Unix":1625658179,"Status":"Up","TestID":5949608},{"Triggered":"2021-07-07 11:42:58","StatusCode":200,"Unix":1625658178,"Status":"Up","TestID":5638871},{"Triggered":"2021-07-07 11:42:45","StatusCode":200,"Unix":1625658165,"Status":"Up","TestID":3687812},{"Triggered":"2021-07-07 11:41:43","StatusCode":200,"Unix":1625658103,"Status":"Up","TestID":371843},{"Triggered":"2021-07-07 11:41:42","StatusCode":200,"Unix":1625658102,"Status":"Up","TestID":3736407},{"Triggered":"2021-07-07 11:41:33","StatusCode":200,"Unix":1625658093,"Status":"Up","TestID":5893155},{"Triggered":"2021-07-07 11:41:24","StatusCode":200,"Unix":1625658084,"Status":"Up","TestID":116942},{"Triggered":"2021-07-07 11:41:16","StatusCode":200,"Unix":1625658076,"Status":"Up","TestID":116684},{"Triggered":"2021-07-07 11:41:05","StatusCode":200,"Unix":1625658065,"Status":"Up","TestID":3437706},{"Triggered":"2021-07-07 11:40:53","StatusCode":200,"Unix":1625658053,"Status":"Up","TestID":5751092},{"Triggered":"2021-07-07 11:39:06","StatusCode":502,"Unix":1625657946,"Status":"Down","TestID":2806735},{"Triggered":"2021-07-07 11:39:05","StatusCode":502,"Unix":1625657945,"Status":"Down","TestID":3633949},{"Triggered":"2021-07-07 11:38:12","StatusCode":0,"Unix":1625657892,"Status":"Down","TestID":117713},{"Triggered":"2021-07-07 11:38:10","StatusCode":0,"Unix":1625657890,"Status":"Down","TestID":2806717},{"Triggered":"2021-07-07 11:37:49","StatusCode":0,"Unix":1625657869,"Status":"Down","TestID":5638871},{"Triggered":"2021-07-07 11:37:46","StatusCode":0,"Unix":1625657866,"Status":"Down","TestID":5949608},{"Triggered":"2021-07-07 11:37:37","StatusCode":0,"Unix":1625657857,"Status":"Down","TestID":3687812},{"Triggered":"2021-07-07 11:36:34","StatusCode":0,"Unix":1625657794,"Status":"Down","TestID":371843},{"Triggered":"2021-07-07 11:36:26","StatusCode":0,"Unix":1625657786,"Status":"Down","TestID":3736407},{"Triggered":"2021-07-07 11:36:23","StatusCode":0,"Unix":1625657783,"Status":"Down","TestID":5893155},{"Triggered":"2021-07-07 11:36:10","StatusCode":0,"Unix":1625657770,"Status":"Down","TestID":116942},{"Triggered":"2021-07-07 11:36:07","StatusCode":0,"Unix":1625657767,"Status":"Down","TestID":116684},{"Triggered":"2021-07-07 11:35:57","StatusCode":0,"Unix":1625657757,"Status":"Down","TestID":3437706},{"Triggered":"2021-07-07 11:35:55","StatusCode":0,"Unix":1625657755,"Status":"Down","TestID":5477104},{"Triggered":"2021-07-07 11:35:40","StatusCode":0,"Unix":1625657740,"Status":"Down","TestID":5751092},{"Triggered":"2021-07-07 04:20:40","StatusCode":200,"Unix":1625631640,"Status":"Up","TestID":5517871},{"Triggered":"2021-07-07 04:15:27","StatusCode":0,"Unix":1625631327,"Status":"Down","TestID":5517871},{"Triggered":"2021-07-06 20:33:15","StatusCode":200,"Unix":1625603595,"Status":"Up","TestID":3326605},{"Triggered":"2021-07-06 20:02:44","StatusCode":504,"Unix":1625601764,"Status":"Down","TestID":3326605},{"Triggered":"2021-07-06 17:20:02","StatusCode":200,"Unix":1625592002,"Status":"Up","TestID":3640463},{"Triggered":"2021-07-06 17:18:39","StatusCode":200,"Unix":1625591919,"Status":"Up","TestID":5055603},{"Triggered":"2021-07-06 17:14:44","StatusCode":200,"Unix":1625591684,"Status":"Up","TestID":5226804},{"Triggered":"2021-07-06 17:09:05","StatusCode":0,"Unix":1625591345,"Status":"Down","TestID":5226804},{"Triggered":"2021-07-06 17:08:45","StatusCode":0,"Unix":1625591325,"Status":"Down","TestID":3640463},{"Triggered":"2021-07-06 17:08:08","StatusCode":0,"Unix":1625591288,"Status":"Down","TestID":5055603},{"Triggered":"2021-07-06 16:16:05","StatusCode":200,"Unix":1625588165,"Status":"Up","TestID":3640463},{"Triggered":"2021-07-06 16:10:52","StatusCode":502,"Unix":1625587852,"Status":"Down","TestID":3640463},{"Triggered":"2021-07-06 15:53:08","StatusCode":200,"Unix":1625586788,"Status":"Up","TestID":5226804},{"Triggered":"2021-07-06 15:47:50","StatusCode":200,"Unix":1625586470,"Status":"Up","TestID":3640463},{"Triggered":"2021-07-06 15:40:47","StatusCode":200,"Unix":1625586047,"Status":"Up","TestID":5055603},{"Triggered":"2021-07-06 15:24:50","StatusCode":0,"Unix":1625585090,"Status":"Down","TestID":3640463},{"Triggered":"2021-07-06 15:20:20","StatusCode":0,"Unix":1625584820,"Status":"Down","TestID":5226804},{"Triggered":"2021-07-06 15:19:20","StatusCode":0,"Unix":1625584760,"Status":"Down","TestID":5055603},{"Triggered":"2021-07-06 15:16:05","StatusCode":200,"Unix":1625584565,"Status":"Up","TestID":3640463},{"Triggered":"2021-07-06 14:52:33","StatusCode":0,"Unix":1625583153,"Status":"Down","TestID":3640463},{"Triggered":"2021-07-06 14:44:59","StatusCode":200,"Unix":1625582699,"Status":"Up","TestID":5226804},{"Triggered":"2021-07-06 14:38:41","StatusCode":200,"Unix":1625582321,"Status":"Up","TestID":3640463},{"Triggered":"2021-07-06 14:28:53","StatusCode":0,"Unix":1625581733,"Status":"Down","TestID":5226804},{"Triggered":"2021-07-06 14:27:36","StatusCode":0,"Unix":1625581656,"Status":"Down","TestID":3640463},{"Triggered":"2021-07-06 14:03:59","StatusCode":200,"Unix":1625580239,"Status":"Up","TestID":5226804},{"Triggered":"2021-07-06 14:03:19","StatusCode":200,"Unix":1625580199,"Status":"Up","TestID":3640463},{"Triggered":"2021-07-06 13:47:15","StatusCode":0,"Unix":1625579235,"Status":"Down","TestID":3640463},{"Triggered":"2021-07-06 13:46:48","StatusCode":0,"Unix":1625579208,"Status":"Down","TestID":5226804},{"Triggered":"2021-07-06 13:34:09","StatusCode":200,"Unix":1625578449,"Status":"Up","TestID":5055603},{"Triggered":"2021-07-06 13:33:20","StatusCode":200,"Unix":1625578400,"Status":"Up","TestID":3640463},{"Triggered":"2021-07-06 13:27:42","StatusCode":200,"Unix":1625578062,"Status":"Up","TestID":5226804},{"Triggered":"2021-07-06 13:23:35","StatusCode":0,"Unix":1625577815,"Status":"Down","TestID":5055603},{"Triggered":"2021-07-06 13:22:24","StatusCode":0,"Unix":1625577744,"Status":"Down","TestID":3640463},{"Triggered":"2021-07-06 13:16:35","StatusCode":0,"Unix":1625577395,"Status":"Down","TestID":5226804},{"Triggered":"2021-07-06 13:03:18","StatusCode":200,"Unix":1625576598,"Status":"Up","TestID":3640463},{"Triggered":"2021-07-06 12:59:24","StatusCode":200,"Unix":1625576364,"Status":"Up","TestID":5055603},{"Triggered":"2021-07-06 12:57:30","StatusCode":200,"Unix":1625576250,"Status":"Up","TestID":5226804},{"Triggered":"2021-07-06 12:52:39","StatusCode":0,"Unix":1625575959,"Status":"Down","TestID":3640463},{"Triggered":"2021-07-06 12:48:42","StatusCode":0,"Unix":1625575722,"Status":"Down","TestID":5055603},{"Triggered":"2021-07-06 12:46:53","StatusCode":0,"Unix":1625575613,"Status":"Down","TestID":5226804},{"Triggered":"2021-07-06 11:05:40","StatusCode":200,"Unix":1625569540,"Status":"Up","TestID":3640463},{"Triggered":"2021-07-06 11:04:10","StatusCode":200,"Unix":1625569450,"Status":"Up","TestID":5226804},{"Triggered":"2021-07-06 11:03:16","StatusCode":200,"Unix":1625569396,"Status":"Up","TestID":5055603},{"Triggered":"2021-07-06 10:59:00","StatusCode":0,"Unix":1625569140,"Status":"Down","TestID":5226804},{"Triggered":"2021-07-06 10:58:08","StatusCode":0,"Unix":1625569088,"Status":"Down","TestID":5055603},{"Triggered":"2021-07-06 10:50:12","StatusCode":200,"Unix":1625568612,"Status":"Up","TestID":5226804},{"Triggered":"2021-07-06 10:38:46","StatusCode":200,"Unix":1625567926,"Status":"Up","TestID":5055603},{"Triggered":"2021-07-06 10:33:52","StatusCode":0,"Unix":1625567632,"Status":"Down","TestID":5226804},{"Triggered":"2021-07-06 10:33:38","StatusCode":0,"Unix":1625567618,"Status":"Down","TestID":5055603},{"Triggered":"2021-07-06 10:27:49","StatusCode":0,"Unix":1625567269,"Status":"Down","TestID":3640463},{"Triggered":"2021-07-05 18:38:18","StatusCode":200,"Unix":1625510298,"Status":"Up","TestID":3107313},{"Triggered":"2021-07-05 17:06:20","StatusCode":504,"Unix":1625504780,"Status":"Down","TestID":3107313},{"Triggered":"2021-07-05 01:53:39","StatusCode":200,"Unix":1625450019,"Status":"Up","TestID":3670938},{"Triggered":"2021-07-05 01:29:43","StatusCode":200,"Unix":1625448583,"Status":"Up","TestID":6017285},{"Triggered":"2021-07-05 01:24:30","StatusCode":504,"Unix":1625448270,"Status":"Down","TestID":6017285},{"Triggered":"2021-07-05 01:21:59","StatusCode":0,"Unix":1625448119,"Status":"Down","TestID":3670938},{"Triggered":"2021-07-04 13:34:14","StatusCode":200,"Unix":1625405654,"Status":"Up","TestID":5954576},{"Triggered":"2021-07-04 13:30:38","StatusCode":200,"Unix":1625405438,"Status":"Up","TestID":5966230},{"Triggered":"2021-07-04 13:29:29","StatusCode":200,"Unix":1625405369,"Status":"Up","TestID":3687814},{"Triggered":"2021-07-04 13:29:19","StatusCode":200,"Unix":1625405359,"Status":"Up","TestID":3633943},{"Triggered":"2021-07-04 13:28:49","StatusCode":200,"Unix":1625405329,"Status":"Up","TestID":5565729},{"Triggered":"2021-07-04 13:28:48","StatusCode":200,"Unix":1625405328,"Status":"Up","TestID":5477104},{"Triggered":"2021-07-04 13:28:35","StatusCode":200,"Unix":1625405315,"Status":"Up","TestID":2806735},{"Triggered":"2021-07-04 13:28:31","StatusCode":200,"Unix":1625405311,"Status":"Up","TestID":116684},{"Triggered":"2021-07-04 13:28:31","StatusCode":200,"Unix":1625405311,"Status":"Up","TestID":117713},{"Triggered":"2021-07-04 13:28:29","StatusCode":200,"Unix":1625405309,"Status":"Up","TestID":2806717},{"Triggered":"2021-07-04 13:28:26","StatusCode":200,"Unix":1625405306,"Status":"Up","TestID":3471269},{"Triggered":"2021-07-04 13:28:04","StatusCode":200,"Unix":1625405284,"Status":"Up","TestID":5952424},{"Triggered":"2021-07-04 13:27:48","StatusCode":200,"Unix":1625405268,"Status":"Up","TestID":3437706},{"Triggered":"2021-07-04 13:27:44","StatusCode":200,"Unix":1625405264,"Status":"Up","TestID":2806733},{"Triggered":"2021-07-04 13:27:42","StatusCode":200,"Unix":1625405262,"Status":"Up","TestID":3633949},{"Triggered":"2021-07-04 13:27:42","StatusCode":200,"Unix":1625405262,"Status":"Up","TestID":5930974},{"Triggered":"2021-07-04 13:27:33","StatusCode":200,"Unix":1625405253,"Status":"Up","TestID":3437701},{"Triggered":"2021-07-04 13:27:30","StatusCode":200,"Unix":1625405250,"Status":"Up","TestID":5921495},{"Triggered":"2021-07-04 13:27:27","StatusCode":200,"Unix":1625405247,"Status":"Up","TestID":5638871},{"Triggered":"2021-07-04 13:27:15","StatusCode":200,"Unix":1625405235,"Status":"Up","TestID":3687809},{"Triggered":"2021-07-04 13:27:11","StatusCode":200,"Unix":1625405231,"Status":"Up","TestID":5954546},{"Triggered":"2021-07-04 13:27:04","StatusCode":200,"Unix":1625405224,"Status":"Up","TestID":2806721},{"Triggered":"2021-07-04 13:26:59","StatusCode":200,"Unix":1625405219,"Status":"Up","TestID":116913},{"Triggered":"2021-07-04 13:26:50","StatusCode":200,"Unix":1625405210,"Status":"Up","TestID":116942},{"Triggered":"2021-07-04 13:26:49","StatusCode":200,"Unix":1625405209,"Status":"Up","TestID":5949752},{"Triggered":"2021-07-04 13:26:27","StatusCode":200,"Unix":1625405187,"Status":"Up","TestID":5949608},{"Triggered":"2021-07-04 13:26:22","StatusCode":200,"Unix":1625405182,"Status":"Up","TestID":3687812},{"Triggered":"2021-07-04 13:26:18","StatusCode":200,"Unix":1625405178,"Status":"Up","TestID":5567736},{"Triggered":"2021-07-04 13:26:17","StatusCode":200,"Unix":1625405177,"Status":"Up","TestID":5836233},{"Triggered":"2021-07-04 13:25:45","StatusCode":200,"Unix":1625405145,"Status":"Up","TestID":5111206},{"Triggered":"2021-07-04 13:25:38","StatusCode":200,"Unix":1625405138,"Status":"Up","TestID":5195859},{"Triggered":"2021-07-04 13:25:36","StatusCode":200,"Unix":1625405136,"Status":"Up","TestID":5954569},{"Triggered":"2021-07-04 13:25:35","StatusCode":200,"Unix":1625405135,"Status":"Up","TestID":5942423},{"Triggered":"2021-07-04 13:25:34","StatusCode":200,"Unix":1625405134,"Status":"Up","TestID":5859230},{"Triggered":"2021-07-04 13:25:15","StatusCode":200,"Unix":1625405115,"Status":"Up","TestID":371843},{"Triggered":"2021-07-04 13:25:03","StatusCode":200,"Unix":1625405103,"Status":"Up","TestID":116775},{"Triggered":"2021-07-04 13:25:00","StatusCode":200,"Unix":1625405100,"Status":"Up","TestID":3736407},{"Triggered":"2021-07-04 13:24:51","StatusCode":200,"Unix":1625405091,"Status":"Up","TestID":116762},{"Triggered":"2021-07-04 13:24:49","StatusCode":200,"Unix":1625405089,"Status":"Up","TestID":5893155},{"Triggered":"2021-07-04 13:24:37","StatusCode":200,"Unix":1625405077,"Status":"Up","TestID":5751092},{"Triggered":"2021-07-04 13:24:30","StatusCode":200,"Unix":1625405070,"Status":"Up","TestID":5942424},{"Triggered":"2021-07-04 13:24:23","StatusCode":200,"Unix":1625405063,"Status":"Up","TestID":5954557},{"Triggered":"2021-07-04 13:24:21","StatusCode":200,"Unix":1625405061,"Status":"Up","TestID":2806732},{"Triggered":"2021-07-04 13:00:05","StatusCode":0,"Unix":1625403605,"Status":"Down","TestID":5966230},{"Triggered":"2021-07-04 12:51:04","StatusCode":0,"Unix":1625403064,"Status":"Down","TestID":5565729},{"Triggered":"2021-07-04 12:51:01","StatusCode":0,"Unix":1625403061,"Status":"Down","TestID":2334662},{"Triggered":"2021-07-04 12:51:01","StatusCode":0,"Unix":1625403061,"Status":"Down","TestID":116684},{"Triggered":"2021-07-04 12:51:01","StatusCode":0,"Unix":1625403061,"Status":"Down","TestID":5477104},{"Triggered":"2021-07-04 12:50:57","StatusCode":0,"Unix":1625403057,"Status":"Down","TestID":117713},{"Triggered":"2021-07-04 12:50:47","StatusCode":0,"Unix":1625403047,"Status":"Down","TestID":3471269},{"Triggered":"2021-07-04 12:50:45","StatusCode":0,"Unix":1625403045,"Status":"Down","TestID":2806717},{"Triggered":"2021-07-04 12:50:32","StatusCode":0,"Unix":1625403032,"Status":"Down","TestID":2806735},{"Triggered":"2021-07-04 12:50:22","StatusCode":0,"Unix":1625403022,"Status":"Down","TestID":3437706},{"Triggered":"2021-07-04 12:50:09","StatusCode":0,"Unix":1625403009,"Status":"Down","TestID":3633949},{"Triggered":"2021-07-04 12:49:59","StatusCode":0,"Unix":1625402999,"Status":"Down","TestID":5930974},{"Triggered":"2021-07-04 12:49:56","StatusCode":0,"Unix":1625402996,"Status":"Down","TestID":3437701},{"Triggered":"2021-07-04 12:49:55","StatusCode":0,"Unix":1625402995,"Status":"Down","TestID":5952424},{"Triggered":"2021-07-04 12:49:48","StatusCode":0,"Unix":1625402988,"Status":"Down","TestID":2806733},{"Triggered":"2021-07-04 12:49:36","StatusCode":0,"Unix":1625402976,"Status":"Down","TestID":5638871},{"Triggered":"2021-07-04 12:49:36","StatusCode":0,"Unix":1625402976,"Status":"Down","TestID":3687809},{"Triggered":"2021-07-04 12:49:32","StatusCode":0,"Unix":1625402972,"Status":"Down","TestID":5954576},{"Triggered":"2021-07-04 12:49:23","StatusCode":0,"Unix":1625402963,"Status":"Down","TestID":5921495},{"Triggered":"2021-07-04 12:49:16","StatusCode":0,"Unix":1625402956,"Status":"Down","TestID":116913},{"Triggered":"2021-07-04 12:49:09","StatusCode":0,"Unix":1625402949,"Status":"Down","TestID":2806721},{"Triggered":"2021-07-04 12:48:59","StatusCode":0,"Unix":1625402939,"Status":"Down","TestID":116942},{"Triggered":"2021-07-04 12:48:45","StatusCode":0,"Unix":1625402925,"Status":"Down","TestID":5567736},{"Triggered":"2021-07-04 12:48:39","StatusCode":0,"Unix":1625402919,"Status":"Down","TestID":3687812},{"Triggered":"2021-07-04 12:48:30","StatusCode":0,"Unix":1625402910,"Status":"Down","TestID":5111206},{"Triggered":"2021-07-04 12:48:26","StatusCode":0,"Unix":1625402906,"Status":"Down","TestID":5836233},{"Triggered":"2021-07-04 12:48:21","StatusCode":0,"Unix":1625402901,"Status":"Down","TestID":5954546},{"Triggered":"2021-07-04 12:48:15","StatusCode":0,"Unix":1625402895,"Status":"Down","TestID":5954569},{"Triggered":"2021-07-04 12:47:51","StatusCode":0,"Unix":1625402871,"Status":"Down","TestID":5195859},{"Triggered":"2021-07-04 12:47:49","StatusCode":0,"Unix":1625402869,"Status":"Down","TestID":5942423},{"Triggered":"2021-07-04 12:47:44","StatusCode":0,"Unix":1625402864,"Status":"Down","TestID":371843},{"Triggered":"2021-07-04 12:47:31","StatusCode":0,"Unix":1625402851,"Status":"Down","TestID":5949752},{"Triggered":"2021-07-04 12:47:30","StatusCode":0,"Unix":1625402850,"Status":"Down","TestID":3736407},{"Triggered":"2021-07-04 12:47:23","StatusCode":0,"Unix":1625402843,"Status":"Down","TestID":5859230},{"Triggered":"2021-07-04 12:47:18","StatusCode":0,"Unix":1625402838,"Status":"Down","TestID":5893155},{"Triggered":"2021-07-04 12:47:13","StatusCode":0,"Unix":1625402833,"Status":"Down","TestID":116775},{"Triggered":"2021-07-04 12:47:12","StatusCode":0,"Unix":1625402832,"Status":"Down","TestID":5949608},{"Triggered":"2021-07-04 12:47:10","StatusCode":0,"Unix":1625402830,"Status":"Down","TestID":116762},{"Triggered":"2021-07-04 12:46:44","StatusCode":0,"Unix":1625402804,"Status":"Down","TestID":3687814},{"Triggered":"2021-07-04 12:46:43","StatusCode":0,"Unix":1625402803,"Status":"Down","TestID":5751092},{"Triggered":"2021-07-04 12:46:30","StatusCode":0,"Unix":1625402790,"Status":"Down","TestID":2806732},{"Triggered":"2021-07-04 12:46:27","StatusCode":0,"Unix":1625402787,"Status":"Down","TestID":5954557},{"Triggered":"2021-07-04 12:46:26","StatusCode":0,"Unix":1625402786,"Status":"Down","TestID":3633943},{"Triggered":"2021-07-04 12:46:12","StatusCode":0,"Unix":1625402772,"Status":"Down","TestID":5942424},{"Triggered":"2021-07-04 06:57:18","StatusCode":200,"Unix":1625381838,"Status":"Up","TestID":5055605},{"Triggered":"2021-07-04 06:52:08","StatusCode":0,"Unix":1625381528,"Status":"Down","TestID":5055605},{"Triggered":"2021-07-04 02:57:52","StatusCode":200,"Unix":1625367472,"Status":"Up","TestID":5055612},{"Triggered":"2021-07-04 02:57:45","StatusCode":200,"Unix":1625367465,"Status":"Up","TestID":5055610},{"Triggered":"2021-07-04 02:57:17","StatusCode":200,"Unix":1625367437,"Status":"Up","TestID":5055594},{"Triggered":"2021-07-04 02:52:37","StatusCode":0,"Unix":1625367157,"Status":"Down","TestID":5055612},{"Triggered":"2021-07-04 02:52:30","StatusCode":0,"Unix":1625367150,"Status":"Down","TestID":5055610},{"Triggered":"2021-07-04 02:52:07","StatusCode":0,"Unix":1625367127,"Status":"Down","TestID":5055594},{"Triggered":"2021-07-04 01:27:48","StatusCode":200,"Unix":1625362068,"Status":"Up","TestID":5884138},{"Triggered":"2021-07-04 01:17:08","StatusCode":200,"Unix":1625361428,"Status":"Up","TestID":3107819},{"Triggered":"2021-07-04 01:11:33","StatusCode":0,"Unix":1625361093,"Status":"Down","TestID":5884138},{"Triggered":"2021-07-04 01:06:27","StatusCode":504,"Unix":1625360787,"Status":"Down","TestID":3107819},{"Triggered":"2021-07-03 15:44:01","StatusCode":200,"Unix":1625327041,"Status":"Up","TestID":5830498},{"Triggered":"2021-07-03 15:43:24","StatusCode":200,"Unix":1625327004,"Status":"Up","TestID":5830479},{"Triggered":"2021-07-03 15:41:43","StatusCode":200,"Unix":1625326903,"Status":"Up","TestID":5830439},{"Triggered":"2021-07-03 15:40:51","StatusCode":200,"Unix":1625326851,"Status":"Up","TestID":5408517},{"Triggered":"2021-07-03 15:38:49","StatusCode":0,"Unix":1625326729,"Status":"Down","TestID":5830498},{"Triggered":"2021-07-03 15:38:11","StatusCode":0,"Unix":1625326691,"Status":"Down","TestID":5830479},{"Triggered":"2021-07-03 15:36:34","StatusCode":0,"Unix":1625326594,"Status":"Down","TestID":5830439},{"Triggered":"2021-07-03 15:35:39","StatusCode":0,"Unix":1625326539,"Status":"Down","TestID":5408517},{"Triggered":"2021-07-03 08:29:27","StatusCode":200,"Unix":1625300967,"Status":"Up","TestID":5055593},{"Triggered":"2021-07-03 08:29:22","StatusCode":200,"Unix":1625300962,"Status":"Up","TestID":5513174},{"Triggered":"2021-07-03 08:29:19","StatusCode":200,"Unix":1625300959,"Status":"Up","TestID":4050927},{"Triggered":"2021-07-03 08:28:59","StatusCode":200,"Unix":1625300939,"Status":"Up","TestID":5055597},{"Triggered":"2021-07-03 08:24:16","StatusCode":0,"Unix":1625300656,"Status":"Down","TestID":5055593},{"Triggered":"2021-07-03 08:24:09","StatusCode":0,"Unix":1625300649,"Status":"Down","TestID":5513174},{"Triggered":"2021-07-03 08:24:08","StatusCode":0,"Unix":1625300648,"Status":"Down","TestID":4050927},{"Triggered":"2021-07-03 08:23:48","StatusCode":0,"Unix":1625300628,"Status":"Down","TestID":5055597},{"Triggered":"2021-07-02 13:02:37","StatusCode":200,"Unix":1625230957,"Status":"Up","TestID":444424},{"Triggered":"2021-07-02 12:22:32","StatusCode":200,"Unix":1625228552,"Status":"Up","TestID":5942423},{"Triggered":"2021-07-02 12:11:52","StatusCode":0,"Unix":1625227912,"Status":"Down","TestID":5942423},{"Triggered":"2021-07-02 02:19:56","StatusCode":200,"Unix":1625192396,"Status":"Up","TestID":4110709},{"Triggered":"2021-07-02 02:19:05","StatusCode":200,"Unix":1625192345,"Status":"Up","TestID":4110706},{"Triggered":"2021-07-02 02:18:30","StatusCode":200,"Unix":1625192310,"Status":"Up","TestID":5226810},{"Triggered":"2021-07-02 01:58:13","StatusCode":200,"Unix":1625191093,"Status":"Up","TestID":5934169},{"Triggered":"2021-07-02 01:58:04","StatusCode":502,"Unix":1625191084,"Status":"Down","TestID":5226810},{"Triggered":"2021-07-02 01:54:31","StatusCode":502,"Unix":1625190871,"Status":"Down","TestID":4110709},{"Triggered":"2021-07-02 01:53:38","StatusCode":502,"Unix":1625190818,"Status":"Down","TestID":4110706},{"Triggered":"2021-07-02 01:42:56","StatusCode":504,"Unix":1625190176,"Status":"Down","TestID":5934169},{"Triggered":"2021-07-02 01:30:59","StatusCode":200,"Unix":1625189459,"Status":"Up","TestID":3670938},{"Triggered":"2021-07-02 01:25:58","StatusCode":504,"Unix":1625189158,"Status":"Down","TestID":444424},{"Triggered":"2021-07-02 01:15:34","StatusCode":0,"Unix":1625188534,"Status":"Down","TestID":3670938},{"Triggered":"2021-07-01 16:38:47","StatusCode":200,"Unix":1625157527,"Status":"Up","TestID":5158258},{"Triggered":"2021-07-01 16:28:03","StatusCode":503,"Unix":1625156883,"Status":"Down","TestID":5158258},{"Triggered":"2021-07-01 16:02:40","StatusCode":200,"Unix":1625155360,"Status":"Up","TestID":5728659},{"Triggered":"2021-07-01 16:00:04","StatusCode":200,"Unix":1625155204,"Status":"Up","TestID":5997123},{"Triggered":"2021-07-01 15:59:04","StatusCode":200,"Unix":1625155144,"Status":"Up","TestID":75470},{"Triggered":"2021-07-01 15:48:50","StatusCode":503,"Unix":1625154530,"Status":"Down","TestID":75470},{"Triggered":"2021-07-01 15:47:12","StatusCode":503,"Unix":1625154432,"Status":"Down","TestID":5728659},{"Triggered":"2021-07-01 15:44:52","StatusCode":503,"Unix":1625154292,"Status":"Down","TestID":5997123},{"Triggered":"2021-07-01 12:36:00","StatusCode":200,"Unix":1625142960,"Status":"Up","TestID":4110706},{"Triggered":"2021-07-01 12:34:50","StatusCode":200,"Unix":1625142890,"Status":"Up","TestID":4110709},{"Triggered":"2021-07-01 12:25:36","StatusCode":404,"Unix":1625142336,"Status":"Down","TestID":4110706},{"Triggered":"2021-07-01 12:24:31","StatusCode":404,"Unix":1625142271,"Status":"Down","TestID":4110709}]