TestID,Triggered,StatusCode,Unix,Status,Website
5897017,7/8/2021 1:20,0,1625707254,Down,https://cafr.tastybite.com
6027864,7/8/2021 1:09,0,1625706593,Down,www.MVH4you.com
5466495,7/8/2021 1:08,0,1625706490,Down,https://vetinsight.com/
5897020,7/8/2021 1:06,0,1625706367,Down,https://ca.tastybite.com
3640463,7/7/2021 17:55,0,1625680510,Down,https://www.royalcanin.com
116762,7/7/2021 15:55,502,1625673327,Down,https://kitekat.ru
5966230,7/7/2021 12:16,0,1625660193,Down,https://club.crave-pet.ru
2806735,7/7/2021 12:13,0,1625659995,Down,https://5gum.ru
3633949,7/7/2021 12:13,0,1625659995,Down,https://naturestable.ru
116775,7/7/2021 12:13,0,1625659992,Down,https://www.cesar.ru
2806717,7/7/2021 12:12,0,1625659951,Down,Korkunov.ru
117713,7/7/2021 12:12,0,1625659946,Down,https://chappi.ru
5638871,7/7/2021 12:12,0,1625659922,Down,https://catsan.ru
5949608,7/7/2021 12:12,0,1625659921,Down,https://catfriendly.ru
3687812,7/7/2021 12:11,0,1625659907,Down,https://orbit-promo.ru
3736407,7/7/2021 12:10,0,1625659853,Down,https://1af-class.pedigree.ru
371843,7/7/2021 12:10,0,1625659838,Down,https://perfectfit.ru
5893155,7/7/2021 12:10,0,1625659837,Down,http://www.marsidea.ru
116942,7/7/2021 12:10,0,1625659823,Down,https://snickers.ru
116684,7/7/2021 12:10,0,1625659816,Down,https://www.dreamies.ru
5477104,7/7/2021 12:10,0,1625659808,Down,https://eliott-cat.ru
3437706,7/7/2021 12:09,0,1625659794,Down,https://prof.pedigree.ru
5921495,7/7/2021 12:09,0,1625659787,Down,https://dogstudy.ru
5751092,7/7/2021 12:09,0,1625659784,Down,https://crave-pet.ru
3687809,7/7/2021 12:09,0,1625659741,Down,https://eukanuba.ru
5949752,7/7/2021 12:08,0,1625659731,Down,https://www.nutro.ru
116913,7/7/2021 12:08,0,1625659704,Down,https://sheba.ru
2806735,7/7/2021 11:39,502,1625657946,Down,https://5gum.ru
3633949,7/7/2021 11:39,502,1625657945,Down,https://naturestable.ru
117713,7/7/2021 11:38,0,1625657892,Down,https://chappi.ru
2806717,7/7/2021 11:38,0,1625657890,Down,Korkunov.ru
5638871,7/7/2021 11:37,0,1625657869,Down,https://catsan.ru
5949608,7/7/2021 11:37,0,1625657866,Down,https://catfriendly.ru
3687812,7/7/2021 11:37,0,1625657857,Down,https://orbit-promo.ru
371843,7/7/2021 11:36,0,1625657794,Down,https://perfectfit.ru
3736407,7/7/2021 11:36,0,1625657786,Down,https://1af-class.pedigree.ru
5893155,7/7/2021 11:36,0,1625657783,Down,http://www.marsidea.ru
116942,7/7/2021 11:36,0,1625657770,Down,https://snickers.ru
116684,7/7/2021 11:36,0,1625657767,Down,https://www.dreamies.ru
3437706,7/7/2021 11:35,0,1625657757,Down,https://prof.pedigree.ru
5477104,7/7/2021 11:35,0,1625657755,Down,https://eliott-cat.ru
5751092,7/7/2021 11:35,0,1625657740,Down,https://crave-pet.ru
5517871,7/7/2021 4:15,0,1625631327,Down,http://www.freedentpro.fr
3326605,7/6/2021 20:02,504,1625601764,Down,https://beginners.unclebens.com
5226804,7/6/2021 17:09,0,1625591345,Down,https://shop.royal-canin.ru
3640463,7/6/2021 17:08,0,1625591325,Down,https://www.royalcanin.com
5055603,7/6/2021 17:08,0,1625591288,Down,https://www.royalcanin.com/us
3640463,7/6/2021 16:10,502,1625587852,Down,https://www.royalcanin.com
3640463,7/6/2021 15:24,0,1625585090,Down,https://www.royalcanin.com
5226804,7/6/2021 15:20,0,1625584820,Down,https://shop.royal-canin.ru
5055603,7/6/2021 15:19,0,1625584760,Down,https://www.royalcanin.com/us
3640463,7/6/2021 14:52,0,1625583153,Down,https://www.royalcanin.com
5226804,7/6/2021 14:28,0,1625581733,Down,https://shop.royal-canin.ru
3640463,7/6/2021 14:27,0,1625581656,Down,https://www.royalcanin.com
3640463,7/6/2021 13:47,0,1625579235,Down,https://www.royalcanin.com
5226804,7/6/2021 13:46,0,1625579208,Down,https://shop.royal-canin.ru
5055603,7/6/2021 13:23,0,1625577815,Down,https://www.royalcanin.com/us
3640463,7/6/2021 13:22,0,1625577744,Down,https://www.royalcanin.com
5226804,7/6/2021 13:16,0,1625577395,Down,https://shop.royal-canin.ru
3640463,7/6/2021 12:52,0,1625575959,Down,https://www.royalcanin.com
5055603,7/6/2021 12:48,0,1625575722,Down,https://www.royalcanin.com/us
5226804,7/6/2021 12:46,0,1625575613,Down,https://shop.royal-canin.ru
5226804,7/6/2021 10:59,0,1625569140,Down,https://shop.royal-canin.ru
5055603,7/6/2021 10:58,0,1625569088,Down,https://www.royalcanin.com/us
5226804,7/6/2021 10:33,0,1625567632,Down,https://shop.royal-canin.ru
5055603,7/6/2021 10:33,0,1625567618,Down,https://www.royalcanin.com/us
3640463,7/6/2021 10:27,0,1625567269,Down,https://www.royalcanin.com
3107313,7/5/2021 17:06,504,1625504780,Down,https://cravepetfoods.com
6017285,7/5/2021 1:24,504,1625448270,Down,https://club.royalcanin.hu/
3670938,7/5/2021 1:21,0,1625448119,Down,https://iams.com.ar
5966230,7/4/2021 13:00,0,1625403605,Down,https://club.crave-pet.ru
5565729,7/4/2021 12:51,0,1625403064,Down,https://cashback.eukanuba.ru
2334662,7/4/2021 12:51,0,1625403061,Down,https://petstory.ru
116684,7/4/2021 12:51,0,1625403061,Down,https://www.dreamies.ru
5477104,7/4/2021 12:51,0,1625403061,Down,https://eliott-cat.ru
117713,7/4/2021 12:50,0,1625403057,Down,https://chappi.ru
3471269,7/4/2021 12:50,0,1625403047,Down,https://mms-promo.ru
2806717,7/4/2021 12:50,0,1625403045,Down,Korkunov.ru
2806735,7/4/2021 12:50,0,1625403032,Down,https://5gum.ru
3437706,7/4/2021 12:50,0,1625403022,Down,https://prof.pedigree.ru
3633949,7/4/2021 12:50,0,1625403009,Down,https://naturestable.ru
5930974,7/4/2021 12:49,0,1625402999,Down,https://www.hitvmagnit.ru
3437701,7/4/2021 12:49,0,1625402996,Down,https://whiskas-pedigree.ru
5952424,7/4/2021 12:49,0,1625402995,Down,https://registration-mars.ru
2806733,7/4/2021 12:49,0,1625402988,Down,https://Lubimchik.ru
5638871,7/4/2021 12:49,0,1625402976,Down,https://catsan.ru
3687809,7/4/2021 12:49,0,1625402976,Down,https://eukanuba.ru
5954576,7/4/2021 12:49,0,1625402972,Down,https://rcciamapi.mars-llc.ru
5921495,7/4/2021 12:49,0,1625402963,Down,https://dogstudy.ru
116913,7/4/2021 12:49,0,1625402956,Down,https://sheba.ru
2806721,7/4/2021 12:49,0,1625402949,Down,https://pedigree.ru
116942,7/4/2021 12:48,0,1625402939,Down,https://snickers.ru
5567736,7/4/2021 12:48,0,1625402925,Down,https://adoption.pedigree.ru
3687812,7/4/2021 12:48,0,1625402919,Down,https://orbit-promo.ru
5111206,7/4/2021 12:48,0,1625402910,Down,https://dixypromo.ru
5836233,7/4/2021 12:48,0,1625402906,Down,https://www.askpets.ru
5954546,7/4/2021 12:48,0,1625402901,Down,https://kototherapy.ru
5954569,7/4/2021 12:48,0,1625402895,Down,https://new.mms-promo.ru
5195859,7/4/2021 12:47,0,1625402871,Down,https://twix.ru
5942423,7/4/2021 12:47,0,1625402869,Down,https://promo.kitekat.ru
371843,7/4/2021 12:47,0,1625402864,Down,https://perfectfit.ru
5949752,7/4/2021 12:47,0,1625402851,Down,https://www.nutro.ru
3736407,7/4/2021 12:47,0,1625402850,Down,https://1af-class.pedigree.ru
5859230,7/4/2021 12:47,0,1625402843,Down,https://www.catday.ru
5893155,7/4/2021 12:47,0,1625402838,Down,http://www.marsidea.ru
116775,7/4/2021 12:47,0,1625402833,Down,https://www.cesar.ru
5949608,7/4/2021 12:47,0,1625402832,Down,https://catfriendly.ru
116762,7/4/2021 12:47,0,1625402830,Down,https://kitekat.ru
3687814,7/4/2021 12:46,0,1625402804,Down,https://skittlespromo.ru
5751092,7/4/2021 12:46,0,1625402803,Down,https://crave-pet.ru
2806732,7/4/2021 12:46,0,1625402790,Down,https://whiskas.ru
5954557,7/4/2021 12:46,0,1625402787,Down,https://marspetcarecollege.ru
3633943,7/4/2021 12:46,0,1625402786,Down,https://promo.cesar.ru
5942424,7/4/2021 12:46,0,1625402772,Down,https://askpets.ru
5055605,7/4/2021 6:52,0,1625381528,Down,https://www.crave.fr
5055612,7/4/2021 2:52,0,1625367157,Down,https://www.tastybite.co.uk
5055610,7/4/2021 2:52,0,1625367150,Down,https://www.nutro.at
5055594,7/4/2021 2:52,0,1625367127,Down,https://www.greenies.it
5884138,7/4/2021 1:11,0,1625361093,Down,https://marsveterinary.com
3107819,7/4/2021 1:06,504,1625360787,Down,https://launchpad.mars.com
5830498,7/3/2021 15:38,0,1625326729,Down,https://au.bekindsnacks.com
5830479,7/3/2021 15:38,0,1625326691,Down,https://sk.bekindsnacks.com/sk
5830439,7/3/2021 15:36,0,1625326594,Down,https://be.bekindsnacks.com/be-de
5408517,7/3/2021 15:35,0,1625326539,Down,https://gkt.mars.com
5055593,7/3/2021 8:24,0,1625300656,Down,https://www.greenies.fr
5513174,7/3/2021 8:24,0,1625300649,Down,https://marketingportalpetcare.mars.com
4050927,7/3/2021 8:24,0,1625300648,Down,https://www.ebly.fr
5055597,7/3/2021 8:23,0,1625300628,Down,https://www.cravepetfood.co.uk
5942423,7/2/2021 12:11,0,1625227912,Down,https://promo.kitekat.ru
5226810,7/2/2021 1:58,502,1625191084,Down,https://shop.royal-canin.ru/ru/account
4110709,7/2/2021 1:54,502,1625190871,Down,https://www.shop.royalcanin.com.tr/tr/account
4110706,7/2/2021 1:53,502,1625190818,Down,https://www.shop.royalcanin.com.tr
5934169,7/2/2021 1:42,504,1625190176,Down,https://www.shebahopegrows.com
444424,7/2/2021 1:25,504,1625189158,Down,https://www.iams.com
3670938,7/2/2021 1:15,0,1625188534,Down,https://iams.com.ar
5158258,7/1/2021 16:28,503,1625156883,Down,https://zaf.mars.com
75470,7/1/2021 15:48,503,1625154530,Down,https://www.mars.com
5728659,7/1/2021 15:47,503,1625154432,Down,https://www.winwithsnickers.com
5997123,7/1/2021 15:44,503,1625154292,Down,www.petcollege.mars.com
4110706,7/1/2021 12:25,404,1625142336,Down,https://www.shop.royalcanin.com.tr
4110709,7/1/2021 12:24,404,1625142271,Down,https://www.shop.royalcanin.com.tr/tr/account
