TestID,WebsiteName,WebsiteURL,CheckRate,ContactGroup,TestTags,WebsiteHost,Status,Uptime,Paused,NormalisedResponse,TestType,Public
117760,https://www.catsan.fr,https://www.catsan.fr,300,[u'5664'],[u'dpuk-vl-web03'],DPUK-S,Up,100,False,0,HTTP,0
4021761,https://nutro.nl,https://nutro.nl,300,"[u'5664', u'8491']",[u'dpuk-vw-pet-web03'],DPUK-S,Up,100,False,0,HTTP,0
352001,https://www.supply2.mars.com,http://www.supply2.mars.com,900,"[u'5664', u'7450', u'8491', u'26186']",[u'externalhosting-non-pci-prod'],AWS-PAAS-EBS,Up,100,False,0,HTTP,0
117761,https://www.catsan.co.uk,https://www.catsan.co.uk,300,[u'5664'],[u'dpuk-vw-gdpr-web02'],DPUK-S,Up,100,False,0,HTTP,0
77314,https://www.ethelm.com,https://www.ethelm.com,300,[u'11469'],[u'Externally Hosted'],Externally Hosted,Up,100,False,0,HTTP,0
5937410,https://promo.snickers.ua,https://promo.snickers.ua,900,[u'5664'],[u'externalhosting-non-pci-prod'],AWS-PAAS-EBS,Up,100,False,0,HTTP,0
77315,https://www.mymms.com,https://www.mymms.com,300,[u'11469'],[u'Externally Hosted'],Externally Hosted,Up,100,False,0,HTTP,0
116739,https://www.whiskas.ua,https://www.whiskas.ua,300,[u'5664'],[u'dpuk-vw-web11'],DPUK-S,Up,100,False,0,HTTP,0
5049092,https://m-ms.fr,https://m-ms.fr,300,[u'154118'],[u'Externally Hosted'],Externally Hosted,Up,100,False,0,HTTP,0
5789700,https://jpn.mars.com/,https://jpn.mars.com/,300,"[u'161503', u'199857']",[u'Externally Hosted'],Externally Hosted,Up,100,False,0,HTTP,0
3108100,https://productdatabase.mars-itr.com,https://productdatabase.mars-itr.com,300,[u'5664'],[u'dpuk-vl-web01'],DPUK-S,Up,100,False,0,HTTP,0
116740,https://www.whiskas.fi,https://www.whiskas.fi,300,[u'5664'],[u'dpuk-vw-gdpr-web02'],DPUK-S,Up,100,False,0,HTTP,0
5049093,http://mms.fr,http://mms.fr,300,[u'154118'],[u'Externally Hosted'],Externally Hosted,Up,100,False,0,HTTP,0
397061,www.eukanuba.com,www.eukanuba.com,300,[u'215506'],[u'Externally Hosted'],AZURE,Up,100,False,0,HTTP,0
3108101,https://profile.mars.com,https://profile.mars.com,900,[u'5664'],[u'externalhosting-non-pci-prod'],AWS-PAAS-EBS,Up,100,False,0,HTTP,0
5408517,https://gkt.mars.com,https://gkt.mars.com,300,"[u'161503', u'199857']",[u'Externally Hosted'],Externally Hosted,Up,100,False,0,HTTP,0
116741,https://www.whiskas.cl,https://www.whiskas.cl,300,[u'5664'],[u'dpuk-vl-web04'],DPUK-S,Up,100,False,0,HTTP,0
6017285,https://club.royalcanin.hu/,https://club.royalcanin.hu/,300,[u'5664'],[u'AWS-PAAS-EBS'],AWS,Up,100,False,0,HTTP,0
5049094,https://m-ms.de,https://m-ms.de,300,[u'154118'],[u'Externally Hosted'],Externally Hosted,Up,100,False,0,HTTP,0
77318,https://www.seedsofchange.com,http://www.seedsofchange.com,900,[u'151937'],[u'Externally Hosted'],Externally Hosted,Up,100,False,0,HTTP,0
161798,dpuk-vw-sitefinity-web01.mars-inc.com,dpuk-vw-sitefinity-web01.mars-inc.com,300,"[u'5664', u'99942']","[u'dpuk-vw-sitefinity-web01', u'SERVER']",DPUK-S,Up,100,False,0,HTTP,0
3112454,https://winwithextra.com,https://winwithextra.com,300,"[u'5664', u'8491', u'9965']",[u'dpuk-vl-gdpr-web02'],DPUK-S,Up,100,False,0,HTTP,0
5049095,https://m-ms.es,https://m-ms.es,300,[u'154118'],[u'Externally Hosted'],Externally Hosted,Up,100,False,0,HTTP,0
3851527,http://unclebens.co.uk: TASK2527153,http://unclebens.co.uk,300,"[u'5664', u'8491']",[u'dpuk-vw-sitefinity-web01'],DPUK-S,Up,0,True,0,HTTP,0
5049096,https://m-ms.nl,https://m-ms.nl,300,[u'154118'],[u'Externally Hosted'],Externally Hosted,Up,100,False,0,HTTP,0
116488,https://www.whiskas.sk,https://www.whiskas.sk,300,[u'5664'],[u'dpuk-vw-pet-web03'],DPUK-S,Up,100,False,0,HTTP,0
116744,https://unclebens.fi,https://unclebens.fi,300,"[u'5664', u'8491']",[u'dpuk-vl-gdpr-web02'],DPUK-S,Up,100,False,0,HTTP,0
444424,https://www.iams.com,https://www.iams.com,900,"[u'5664', u'151937', u'218922']",[u'Externalhosting-pci-prod'],AWS-PAAS-EBS,Down,20,False,0,HTTP,0
117768,https://www.whiskas.se,https://www.whiskas.se,300,[u'5664'],[u'dpuk-vw-gdpr-web03'],DPUK-S,Up,100,False,0,HTTP,0
5049097,https://m-ms.pl,https://m-ms.pl,300,[u'154118'],[u'Externally Hosted'],Externally Hosted,Up,100,False,0,HTTP,0
5789705,https://aut.mars.com/,https://aut.mars.com/,300,"[u'161503', u'199857']",[u'Externally Hosted'],Externally Hosted,Up,100,False,0,HTTP,0
3110409,https://webcc.mars.com,https://webcc.mars.com,300,[u'5664'],[u'dpuk-vl-web01'],DPUK-S,Up,100,False,0,HTTP,0
117769,https://www.whiskas.no,https://www.whiskas.no,300,[u'5664'],[u'dpuk-vw-gdpr-web03'],DPUK-S,Up,100,False,0,HTTP,0
5954569,https://new.mms-promo.ru,https://new.mms-promo.ru,300,[u'5664'],[u'plesk-02.mngt.mars.com'],DATALINE RU,Up,100,False,0,HTTP,0
5789706,https://dnk.mars.com/en,https://dnk.mars.com/en,300,"[u'161503', u'199857']",[u'Externally Hosted'],Externally Hosted,Up,100,False,0,HTTP,0
3107850,https://www.marsverkoop.nl,https://www.marsverkoop.nl,300,"[u'5664', u'8491']",[u'dpuk-vw-gdpr-web03'],DPUK-S,Up,100,False,0,HTTP,0
116746,https://twix.de,https://twix.de,300,"[u'5664', u'8491']",[u'dpuk-vl-gdpr-web01'],DPUK-S,Up,100,False,0,HTTP,0
117002,www.maltesers.ru,www.maltesers.ru,300,[u'5664'],[u'dpuk-vl-web01'],DPUK-S,Up,100,False,0,HTTP,0
117770,https://www.whiskas.dk,https://www.whiskas.dk,300,[u'5664'],[u'dpuk-vw-gdpr-web03'],DPUK-S,Up,100,False,0,HTTP,0
5830410,https://bekindsnacks.com,https://bekindsnacks.com,300,"[u'161503', u'199857']",[u'Externally Hosted'],Externally Hosted,Up,100,False,0,HTTP,0
5049099,https://m-ms.it,https://m-ms.it,300,[u'154118'],[u'Externally Hosted'],Externally Hosted,Up,100,False,0,HTTP,0
5789707,https://deu.mars.com/,https://deu.mars.com/,300,"[u'161503', u'199857']",[u'Externally Hosted'],Externally Hosted,Up,100,False,0,HTTP,0
116747,https://www.trill.de,https://www.trill.de,300,[u'5664'],[u'dpuk-vl-web05'],DPUK-S,Up,100,False,0,HTTP,0
117771,https://www.whiskas.de,https://www.whiskas.de,300,[u'5664'],[u'dpuk-vw-pet-web02'],DPUK-S,Up,100,False,0,HTTP,0
5049100,https://m-ms.be,https://m-ms.be,300,[u'154118'],[u'Externally Hosted'],Externally Hosted,Up,100,False,0,HTTP,0
5311244,https://uspetcontact.mars.com/donotdelete.htm,https://uspetcontact.mars.com/donotdelete.htm,900,[u'5664'],[u'externalhosting-non-pci-prod'],AWS-PAAS-EBS,Up,100,False,0,HTTP,0
5988620,Haute nutrition | Perfect Fit™,https://www.perfectfit.be,300,[u'5664'],[u'dpuk-vw-pet-web03'],DP-UK,Up,100,False,0,HTTP,0
5049101,www.uk.m-ms.com,www.uk.m-ms.com,300,[u'154118'],[u'Externally Hosted'],Externally Hosted,Up,100,False,0,HTTP,0
117005,https://www.gumlittertaskforce.ie ,https://www.gumlittertaskforce.ie,300,"[u'5664', u'8491', u'9965']",[u'dpuk-vw-gdpr-web03'],DPUK-S,Up,100,False,0,HTTP,0
117773,https://vending.mars.com,https://vending.mars.com,300,[u'5664'],[u'dpuk-vw-web11'],DPUK-S,Up,100,False,0,HTTP,0
5830413,https://ch.bekindsnacks.com,https://ch.bekindsnacks.com,300,"[u'161503', u'199857']",[u'Externally Hosted'],DPUK_S,Up,100,False,0,HTTP,0
5049102,https://uk.mms.com,https://uk.mms.com,300,[u'154118'],[u'Externally Hosted'],Externally Hosted,Up,100,False,0,HTTP,0
3110414,https://www.whiskas.com.ar,https://www.whiskas.com.ar,900,[u'5664'],[u'aws-use1-rlx-web01'],AWS-IAAS-EC2,Up,100,False,0,HTTP,0
5040398,https://www.miracoli.de,https://www.miracoli.de,300,[u'8491'],[u'Externally Hosted'],Externally Hosted,Up,100,False,0,HTTP,0
3110415,https://whiskas.com.br,https://whiskas.com.br,900,[u'5664'],[u'externalhosting-non-pci-prod'],AWS-PAAS-EBS,Up,100,False,0,HTTP,0
5677583,https://eukanuba.ca,https://eukanuba.ca,900,[u'5664'],[u'externalhosting-non-pci-prod'],AWS-PAAS-EBS,Up,100,False,0,HTTP,0
113423,https://www.trill.com.au,https://www.trill.com.au,300,[u'5664'],[u'dphk-vw-web04'],DPHK-S,Up,100,False,0,HTTP,0
116751,https://www.snickers.de,https://www.snickers.de,300,"[u'5664', u'8491']",[u'dpuk-vl-gdpr-web01'],DPUK-S,Up,100,False,0,HTTP,0
117775,https://www.sunnmunnmaned.no,https://www.sunnmunnmaned.no,300,[u'5664'],[u'dpuk-vw-gdpr-web03'],DPUK-S,Up,100,False,0,HTTP,0
5560079,www.prenasichmaznacikov.sk,www.prenasichmaznacikov.sk,300,[u'171851'],[u'dpuk-vw-gdpr-web02'],DPUK-S,Up,100,False,0,HTTP,0
81680,catalog.mars.com,catalog.mars.com,300,"[u'5664', u'8491']",[u'dpuk-vw-web09'],DPUK-S,Up,100,False,0,HTTP,0
5789712,https://fin.mars.com/en,https://fin.mars.com/en,300,"[u'161503', u'199857']",[u'Externally Hosted'],Externally Hosted,Up,100,False,0,HTTP,0
3110416,https://www.whiskas.fr,https://www.whiskas.fr,300,[u'5664'],[u'dpuk-vw-gdpr-web02'],DPUK-S,Up,100,False,0,HTTP,0
117776,https://www.sundmundmaned.dk,https://www.sundmundmaned.dk,300,[u'5664'],[u'dpuk-vw-gdpr-web03'],DPUK-S,Up,100,False,0,HTTP,0
5954576,https://rcciamapi.mars-llc.ru,https://rcciamapi.mars-llc.ru,300,[u'5664'],[u'plesk-02.mngt.mars.com'],DATALINE RU,Up,100,False,0,HTTP,0
81681,www.contact.mars.com/donotdelete.htm,www.contact.mars.com/donotdelete.htm,300,"[u'5664', u'8491']",[u'dpuk-vw-web11'],DPUK-S,Up,100,False,0,HTTP,0
5789713,https://fin.mars.com/fi,https://fin.mars.com/fi,300,"[u'161503', u'199857']",[u'Externally Hosted'],Externally Hosted,Up,100,False,0,HTTP,0
3110417,https://whiskas.in,https://whiskas.in,300,[u'5664'],[u'dpuk-vw-pet-web03'],DPUK-S,Up,100,False,0,HTTP,0
117777,https://www.sundimunmanad.se,https://www.sundimunmanad.se,300,[u'5664'],[u'dpuk-vw-gdpr-web03'],DPUK-S,Up,100,False,0,HTTP,0
3107346,https://dnamanagement.advancepet.com.au,https://dnamanagement.advancepet.com.au,300,[u'5664'],[u'dphk-vw-web04'],DPHK-S,Up,100,False,0,HTTP,0
3110418,https://whiskas.lt,https://whiskas.lt,300,[u'5664'],[u'dpuk-vw-pet-web02'],DPUK-S,Up,100,False,0,HTTP,0
117010,https://dolmio.se,https://dolmio.se,300,"[u'5664', u'8491']",[u'dpuk-vl-gdpr-web01'],DPUK-S,Up,100,False,0,HTTP,0
5789715,https://grc.mars.com/,https://grc.mars.com/,300,"[u'161503', u'199857']",[u'Externally Hosted'],Externally Hosted,Up,100,False,0,HTTP,0
3253267,https://www.pedigree.nl,https://www.pedigree.nl,300,[u'5664'],[u'dpuk-vw-gdpr-web03'],DPUK-S,Up,100,False,0,HTTP,0
117011,https://dolmio.no,https://dolmio.no,300,"[u'5664', u'8491']",[u'dpuk-vl-gdpr-web01'],DPUK-S,Up,100,False,0,HTTP,0
5789716,https://grc.mars.com/en,https://grc.mars.com/en,300,"[u'161503', u'199857']",[u'Externally Hosted'],Externally Hosted,Up,100,False,0,HTTP,0
3110420,https://whiskas.mx,https://whiskas.mx,300,[u'5664'],[u'dpuk-vw-web09'],DPUK-S,Up,100,False,0,HTTP,0
116500,www.pedigree.in,www.pedigree.in,300,[u'5664'],[u'dpuk-vw-pet-web03'],DPUK-S,Up,100,False,0,HTTP,0
117012,https://dolmio.dk,https://dolmio.dk,300,"[u'5664', u'8491']",[u'dpuk-vl-gdpr-web01'],DPUK-S,Up,100,False,0,HTTP,0
3987732,https://mizpacio10.com,https://mizpacio10.com,900,[u'5664'],[u'externalhosting-non-pci-prod'],AWS-PAAS-EBS,Up,100,False,0,HTTP,0
5789717,https://ita.mars.com/,https://ita.mars.com/,300,"[u'161503', u'199857']",[u'Externally Hosted'],Externally Hosted,Up,100,False,0,HTTP,0
3987733,https://tudesarrolloenmars.com,https://tudesarrolloenmars.com,900,[u'5664'],[u'aws-use1-rlx-web01'],AWS-IAAS-EC2,Up,100,False,0,HTTP,0
5789718,https://cze.mars.com/en,https://cze.mars.com/en,300,"[u'161503', u'199857']",[u'Externally Hosted'],Externally Hosted,Up,100,False,0,HTTP,0
3107350,https://dreamies.dk,https://dreamies.dk,300,[u'5664'],[u'dpuk-vl-web03'],DPUK-S,Up,100,False,0,HTTP,0
3834646,https://www.sheba.ua,https://www.sheba.ua,300,[u'5664'],[u'dpuk-vw-pet-web01'],DPUK-S,Up,100,False,0,HTTP,0
3987734,https://newjoiners.com.mx-INC2453302,https://newjoiners.com.mx,900,[u'5664'],[u'externalhosting-non-pci-prod'],AWS-PAAS-EBS,Up,0,True,0,HTTP,0
5917975,https://perfect-fit.co.uk/,https://perfect-fit.co.uk/,300,[u'5664'],[u'dpuk-vw-pet-web03'],,Up,100,False,0,HTTP,0
5789719,https://hun.mars.com/en,https://hun.mars.com/en,300,"[u'161503', u'199857']",[u'Externally Hosted'],Externally Hosted,Up,100,False,0,HTTP,0
3107351,https://dreamies.fi,https://dreamies.fi,300,[u'5664'],[u'dpuk-vl-web03'],DPUK-S,Up,100,False,0,HTTP,0
3633943,https://promo.cesar.ru,https://promo.cesar.ru,300,"[u'5664', u'99942', u'146492']",[u'plesk-02.mngt.mars.com'],DATALINE RU,Up,100,False,0,HTTP,0
3110423,https://whiskasindonesia.com,https://whiskasindonesia.com,300,[u'5664'],[u'dpuk-vw-pet-web02'],DPUK-S,Up,100,False,0,HTTP,0
5537047,https://spillers-feeds.com/,https://spillers-feeds.com/,300,[u'5664'],[u'dpuk-vl-gdpr-web01'],DPUK-S,Up,100,False,0,HTTP,0
5988632,https://www.royalcaninclub.ro,https://www.royalcaninclub.ro,900,[u'5664'],[u'externalhosting-non-pci-prod'],AWS-PAAS-EBS,Up,100,False,0,HTTP,0
116504,www.marsicecream.ru,www.marsicecream.ru,300,[u'5664'],[u'dpuk-vl-web05'],DPUK-S,Up,100,False,0,HTTP,0
116760,https://www.meincesar.de,https://www.meincesar.de,300,[u'5664'],[u'dpuk-vw-gdpr-web03'],DPUK-S,Up,100,False,0,HTTP,0
5591065,https://preprod-retroapproval-archival.mars.com,https://preprod-retroapproval-archival.mars.com,900,[u'5664'],[u'externalhosting-non-pci-prod'],AWS-PAAS-EBS,Up,100,False,0,HTTP,0
117785,https://www.pedigree.fr,https://www.pedigree.fr,300,[u'5664'],[u'dpuk-vw-pet-web03'],DPUK-S,Up,100,False,0,HTTP,0
116762,https://kitekat.ru,https://kitekat.ru,300,"[u'5664', u'99942', u'122534', u'122536', u'146492']",[u'plesk-01.mngt.mars.com'],DATALINE RU,Up,100,False,0,HTTP,0
117786,https://www.pedigree.es,https://www.pedigree.es,300,[u'5664'],[u'dpuk-vw-gdpr-web03'],DPUK-S,Up,100,False,0,HTTP,0
3108123,https://retroapproval.mars.com,https://retroapproval.mars.com,900,[u'5664'],[u'externalhosting-non-pci-prod'],AWS-PAAS-EBS,Up,100,False,0,HTTP,0
5408539,https://mypoknowledge.mars.com,https://mypoknowledge.mars.com,300,"[u'161503', u'199857']",[u'Externally Hosted'],Externally Hosted,Up,100,False,0,HTTP,0
3918107,dpuk-vw-gdpr-mmseu.mars-inc.com,dpuk-vw-gdpr-mmseu.mars-inc.com,300,[u'5664'],"[u'dpuk-vw-gdpr-mmseu', u'SERVER']",DPUK-D,Up,100,False,0,HTTP,0
117787,http://www.pedigree.com.tr,http://www.pedigree.com.tr,300,[u'5664'],[u'dpuk-vw-pet-web02'],DPUK-S,Up,100,False,0,HTTP,0
5830427,https://ch.bekindsnacks.com/fr,https://ch.bekindsnacks.com/fr,300,"[u'161503', u'199857']",[u'Externally Hosted'],Externally hosted,Up,100,False,0,HTTP,0
5932828,https://aws-vpn-useast1.mars-inc.com,https://aws-vpn-useast1.mars-inc.com,900,[u'5664'],[u'AWS Paloalto VPN'],,Up,100,False,0,HTTP,0
1638941,dpuk-vl-web01.mars-inc.com,dpuk-vl-web01.mars-inc.com,300,"[u'5664', u'99942']","[u'dpuk-vl-web01', u'SERVER']",DPUK-S,Up,100,False,0,HTTP,0
3633949,https://naturestable.ru,https://naturestable.ru,300,"[u'5664', u'99942', u'122534', u'146492']",[u'plesk-01.mngt.mars.com'],DATALINE RU,Up,100,False,0,HTTP,0
5789726,https://fra.mars.com/,https://fra.mars.com/,300,"[u'161503', u'199857']",[u'Externally Hosted'],Externally Hosted,Up,100,False,0,HTTP,0
5789727,https://ltu.mars.com/,https://ltu.mars.com/,300,"[u'161503', u'199857']",[u'Externally Hosted'],Externally Hosted,Up,100,False,0,HTTP,0
5266719,http://mjpetdam.mars.com,http://mjpetdam.mars.com,300,[u'5664'],[u'dphk-vl-web01'],DPHK-S,Up,100,False,0,HTTP,0
117791,https://milkyway.de,https://milkyway.de,300,"[u'5664', u'8491']",[u'dpuk-vw-gdpr-web03'],DPUK-S,Up,100,False,0,HTTP,0
5830431,https://ch.bekindsnacks.com/it,https://ch.bekindsnacks.com/it,300,"[u'161503', u'199857']",[u'Externally Hosted'],Externally Hosted,Up,100,False,0,HTTP,0
5517856,https://chiclesorbit.com,https://chiclesorbit.com,300,"[u'5664', u'161567']",[u'dpuk-vl-gdpr-web01'],DPUK-S,Up,100,False,0,HTTP,0
5789728,https://ltu.mars.com/en,https://ltu.mars.com/en,300,"[u'161503', u'199857']",[u'Externally Hosted'],Externally Hosted,Up,100,False,0,HTTP,0
3108128,www.schmackos.co.nz,www.schmackos.co.nz,300,[u'5664'],[u'dphk-vw-web04'],DPHK-S,Up,100,False,0,HTTP,0
116768,https://www.frolic.de,https://www.frolic.de,300,[u'5664'],[u'dpuk-vl-web05'],DPUK-S,Up,100,False,0,HTTP,0
5517857,https://www.mestecaorbit.ro,https://www.mestecaorbit.ro,300,"[u'8109', u'161567']",[u'dpuk-vl-gdpr-web01'],DPUK-S,Up,100,False,0,HTTP,0
5789729,https://cze.mars.com/,https://cze.mars.com/,300,"[u'161503', u'199857']",[u'Externally Hosted'],Externally Hosted,Up,100,False,0,HTTP,0
3846177,https://nutro.asia,https://nutro.asia,300,[u'5664'],[u'dphk-vl-web01'],DPHK-S,Up,100,False,0,HTTP,0
6015521,  https://ganaconorbit.com.mx,https://ganaconorbit.com.mx,300,[u'5664'],[u'Externally Hosted'],,Up,100,False,0,HTTP,0
5565729, https://cashback.eukanuba.ru,https://cashback.eukanuba.ru,300,[u'5664'],[u'plesk-02.mngt.mars.com'],DATALINE RU,Up,100,False,0,HTTP,0
5517858,https://orbit.hu,https://orbit.hu,300,"[u'5664', u'161567']",[u'dpuk-vl-gdpr-web01'],DPUK-S,Up,100,False,0,HTTP,0
116770,https://www.exelcat.ch,https://www.exelcat.ch,300,[u'5664'],[u'dpuk-vl-web04'],DPUK-S,Up,100,False,0,HTTP,0
5949474,https://snickersfootball.lv ,https://snickersfootball.lv,300,[u'5664'],[u'dpuk-vl-gdpr-web02'],,Up,100,False,0,HTTP,0
5830434,https://ch.bekindsnacks.com/de,https://ch.bekindsnacks.com/de,300,"[u'161503', u'199857']",[u'Externally Hosted'],Externally Hosted,Up,100,False,0,HTTP,0
5517859,https://www.orbitklub.cz,https://www.orbitklub.cz,300,"[u'5664', u'161567']",[u'dpuk-vl-gdpr-web01'],DPUK-S,Up,100,False,0,HTTP,0
5914147,https://nutro.es,https://nutro.es,300,[u'5664'],[u'dpuk-vw-pet-web03'],,Up,100,False,0,HTTP,0
5619747,https://www.funallaround.ca,https://www.funallaround.ca,300,[u'5664'],[u'dpuk-vl-web05'],DPUK-S,Up,100,False,0,HTTP,0
116771,https://www.ebly.de,https://www.ebly.de,300,"[u'5664', u'8491']",[u'dpuk-vl-gdpr-web01'],DPUK-S,Up,100,False,0,HTTP,0
5893155,http://www.marsidea.ru,http://www.marsidea.ru,300,[u'5664'],[u'plesk-01.mngt.mars.com'],,Up,100,False,0,HTTP,0
5789732,https://nld.mars.com/,https://nld.mars.com/,300,"[u'161503', u'199857']",[u'Externally Hosted'],Externally Hosted,Up,100,False,0,HTTP,0
113444,www.greenies.jp,www.greenies.jp,300,[u'5664'],[u'dphk-vw-web04'],DPHK-S,Up,100,False,0,HTTP,0
5830436,https://be.bekindsnacks.com/nl,https://be.bekindsnacks.com/nl,300,"[u'161503', u'199857']",[u'Externally Hosted'],Externally Hosted,Up,100,False,0,HTTP,0
117797,https://www.hampaidenhoitokuukausi.fi,https://www.hampaidenhoitokuukausi.fi,300,[u'5664'],[u'dpuk-vw-gdpr-web03'],DPUK-S,Up,100,False,0,HTTP,0
5642278,https://sustainability.mars.com,https://sustainability.mars.com,300,[u'5664'],[u'dpuk-vw-gdpr-web03'],DPUK-S,Up,100,False,0,HTTP,0
1941030,https://sheba.ro,https://sheba.ro,300,[u'5664'],[u'dpuk-vw-pet-web02'],DPUK-S,Up,100,False,0,HTTP,0
116774,https://dolmio.fi,https://dolmio.fi,300,"[u'5664', u'8491']",[u'dpuk-vl-gdpr-web01'],DPUK-S,Up,100,False,0,HTTP,0
5832230,https://pl.bekindsnacks.com,https://pl.bekindsnacks.com,300,"[u'161503', u'199857']",[u'Externally Hosted'],Externally Hosted,Up,100,False,0,HTTP,0
3108135,https://sheba.cz,https://sheba.cz,300,[u'5664'],[u'dpuk-vw-pet-web02'],DPUK-S,Up,100,False,0,HTTP,0
3110183,Blocked,https://sphostedapps.mars.com,900,[u'5664'],[u'externalhosting-non-pci-prod'],AWS-PAAS-EBS,Up,100,False,0,HTTP,0
116775,https://www.cesar.ru,https://www.cesar.ru,300,"[u'5664', u'99942', u'122532', u'122534', u'146492']",[u'plesk-01.mngt.mars.com'],DATALINE RU,Up,100,False,0,HTTP,0
323111,marspetcare.com,marspetcare.com,300,[u'5664'],[u'dpuk-vw-pet-web02'],DPUK-S,Up,100,False,0,HTTP,0
5830439,https://be.bekindsnacks.com/be-de,https://be.bekindsnacks.com/be-de,300,"[u'161503', u'199857']",[u'Externally Hosted'],Externally Hosted,Up,100,False,0,HTTP,0
5789736,https://nor.mars.com/nb,https://nor.mars.com/nb,300,"[u'161503', u'199857']",[u'Externally Hosted'],Externally Hosted,Up,100,False,0,HTTP,0
3108136,https://sheba.fi,https://sheba.fi,300,[u'5664'],[u'dpuk-vw-gdpr-web02'],DPUK-S,Up,100,False,0,HTTP,0
1225000,https://pedigree.com.mx,https://pedigree.com.mx,300,[u'5664'],[u'dpuk-vl-web01'],DPUK-S,Up,100,False,0,HTTP,0
116776,https://cesar.pt,https://cesar.pt,300,"[u'5664', u'8491']",[u'dpuk-vl-web05'],DPUK-S,Up,100,False,0,HTTP,0
5171752,https://hungersupport.com,https://hungersupport.com,300,[u'5664'],[u'dpuk-vl-web04'],DPUK-S,Up,100,False,0,HTTP,0
5789737,https://pol.mars.com/,https://pol.mars.com/,300,"[u'161503', u'199857']",[u'Externally Hosted'],Externally Hosted,Up,100,False,0,HTTP,0
3108137,https://sheba.lt,https://sheba.lt,300,[u'5664'],[u'dpuk-vw-pet-web01'],DPUK-S,Up,100,False,0,HTTP,0
5343017,mfapackagingdata-prod.mars.com,mfapackagingdata-prod.mars.com,900,[u'5664'],[u'externalhosting-non-pci-prod'],AWS-PAAS-EBS,Up,100,False,0,HTTP,0
116777,https://www.celebrations.de,https://www.celebrations.de,300,"[u'5664', u'8491']",[u'dpuk-vl-gdpr-web01'],DPUK-S,Up,100,False,0,HTTP,0
5789738,https://prt.mars.com/,https://prt.mars.com/,300,"[u'161503', u'199857']",[u'Externally Hosted'],Externally Hosted,Up,100,False,0,HTTP,0
3108138,https://sheba.lv,https://sheba.lv,300,[u'5664'],[u'dpuk-vw-pet-web01'],DPUK-S,Up,100,False,0,HTTP,0
117802,https://www.dreamies-snacks.ch,https://www.dreamies-snacks.ch,300,[u'5664'],[u'dpuk-vw-pet-web02'],DPUK-S,Up,100,False,0,HTTP,0
5789739,https://prt.mars.com/en,https://prt.mars.com/en,300,"[u'8491', u'159234']",[u'Externally Hosted'],Externally Hosted,Up,100,False,0,HTTP,0
3108139,https://sheba.si,https://sheba.si,300,[u'5664'],[u'dpuk-vw-pet-web02'],DPUK-S,Up,100,False,0,HTTP,0
117035,https://www.snickers.at,https://www.snickers.at,300,"[u'5664', u'8491']",[u'dpuk-vl-gdpr-web01'],DPUK-S,Up,100,False,0,HTTP,0
5830443,https://be.bekindsnacks.com/be-fr,https://be.bekindsnacks.com/be-fr,300,"[u'161503', u'199857']",[u'Externally Hosted'],Externally Hosted,Up,100,False,0,HTTP,0
5789740,https://rus.mars.com/,https://rus.mars.com/,300,"[u'161503', u'199857']",[u'Externally Hosted'],Externally Hosted,Up,100,False,0,HTTP,0
3832108,https://www.bettercitiesforpets.com,https://www.bettercitiesforpets.com,900,[u'5664'],[u'aws-use1-rlx-web01'],AWS-IAAS-EC2,Up,100,False,0,HTTP,0
117036,https://www.sheba.at,https://www.sheba.at,300,[u'5664'],[u'dpuk-vw-gdpr-web02'],DPUK-S,Up,100,False,0,HTTP,0
5789741,https://rus.mars.com/en,https://rus.mars.com/en,300,"[u'161503', u'199857']",[u'Externally Hosted'],Externally Hosted,Up,100,False,0,HTTP,0
3108141,https://sheba.sk,https://sheba.sk,300,[u'5664'],[u'dpuk-vw-pet-web02'],DPUK-S,Up,100,False,0,HTTP,0
3896365,https://mars.com.br,https://mars.com.br,300,[u'8491'],[u'Externally Hosted'],Externally Hosted,Up,100,False,0,HTTP,0
3110189,https://supplymedia.mars.com,https://supplymedia.mars.com,300,[u'5664'],[u'dpuk-vl-web01'],DPUK-S,Up,100,False,0,HTTP,0
5827629,https://ares-payout.mars.com,https://ares-payout.mars.com,300,"[u'5664', u'207454']",[u'dpuk-vw-gdpr-web03'],DPUK-S,Up,100,False,0,HTTP,0
5830445,https://de.bekindsnacks.com/de-de,https://de.bekindsnacks.com/de-de,300,"[u'161503', u'199857']",[u'Externally Hosted'],Externally Hosted,Up,100,False,0,HTTP,0
5444398,https://www.eukanuba.com.mx/,https://www.eukanuba.com.mx/,300,[u'5664'],[u'dpuk-vl-web01'],DPUK-S,Up,100,False,0,HTTP,0
5789742,https://svk.mars.com/,https://svk.mars.com/,300,"[u'161503', u'199857']",[u'Externally Hosted'],Externally Hosted,Up,100,False,0,HTTP,0
3110190,https://suziwan.fr,https://suziwan.fr,300,"[u'5664', u'8491']",[u'dpuk-vw-gdpr-web03'],DPUK-S,Up,100,False,0,HTTP,0
5517871,http://www.freedentpro.fr,http://www.freedentpro.fr,300,[u'161567'],[u'Externally Hosted'],Externally Hosted,Up,100,False,0,HTTP,0
5789744,https://svk.mars.com/en,https://svk.mars.com/en,300,"[u'161503', u'199857']",[u'Externally Hosted'],Externally Hosted,Up,100,False,0,HTTP,0
117808,https://www.pedigree.no,https://www.pedigree.no,300,[u'5664'],[u'dpuk-vw-gdpr-web03'],DPUK-S,Up,100,False,0,HTTP,0
5789745,https://esp.mars.com/en,https://esp.mars.com/en,300,"[u'161503', u'199857']",[u'Externally Hosted'],Externally Hosted,Up,100,False,0,HTTP,0
117809,https://www.pedigree.dk,https://www.pedigree.dk,300,[u'5664'],[u'dpuk-vw-gdpr-web03'],DPUK-S,Up,100,False,0,HTTP,0
5830449,https://nl.bekindsnacks.com/nl-nl,https://nl.bekindsnacks.com/nl-nl,300,"[u'161503', u'199857']",[u'Externally Hosted'],Externally Hosted,Up,100,False,0,HTTP,0
5652530,https://promo.sheba.ua,https://promo.sheba.ua,300,[u'5664'],[u'dpuk-vl-gdpr-web01'],DPUK-S,Up,100,False,0,HTTP,0
3950898,https://www.sheba.com.tr,https://www.sheba.com.tr,300,[u'5664'],[u'dpuk-vw-pet-web02'],DPUK-S,Up,100,False,0,HTTP,0
5789746,https://swe.mars.com/sv,https://swe.mars.com/sv,300,"[u'161503', u'199857']",[u'Externally Hosted'],Externally Hosted,Up,100,False,0,HTTP,0
5830450,https://il.bekindsnacks.com/he,https://il.bekindsnacks.com/he,300,"[u'161503', u'199857']",[u'Externally Hosted'],Externally Hosted,Up,100,False,0,HTTP,0
469299,https://royco.co.za,https://royco.co.za,300,[u'5664'],[u'dpuk-vl-web05'],DPUK-S,Up,100,False,0,HTTP,0
5789747,https://swe.mars.com/en,https://swe.mars.com/en,300,"[u'161503', u'199857']",[u'Externally Hosted'],Externally Hosted,Up,100,False,0,HTTP,0
3896371,https://mars.mx,https://mars.mx,300,[u'8491'],[u'Externally Hosted'],Externally Hosted,Up,100,False,0,HTTP,0
3974707,https://juicyfruitjingle.ca,https://juicyfruitjingle.ca,300,[u'5664'],[u'dpuk-vl-web02'],DPUK-S,Up,100,False,0,HTTP,0
117043,https://www.pedigree.at,https://www.pedigree.at,300,[u'5664'],[u'dpuk-vw-gdpr-web02'],DPUK-S,Up,100,False,0,HTTP,0
5789748,https://che.mars.com/,https://che.mars.com/,300,"[u'161503', u'199857']",[u'Externally Hosted'],Externally Hosted,Up,100,False,0,HTTP,0
5226804,https://shop.royal-canin.ru,https://shop.royal-canin.ru,300,[u'152335'],[u'Externally Hosted'],Externally Hosted,Up,100,False,0,HTTP,0
5751092,https://crave-pet.ru,https://crave-pet.ru,300,[u'5664'],[u'plesk-01.mngt.mars.com'],DATALINE RU,Up,100,False,0,HTTP,0
5830452,https://dk.bekindsnacks.com/da,https://dk.bekindsnacks.com/da,300,"[u'161503', u'199857']",[u'Externally Hosted'],Externally Hosted,Up,100,False,0,HTTP,0
1956917,www.nutro.tw,www.nutro.tw,300,[u'5664'],[u'dphk-vl-web01'],DPHK-S,Up,100,False,0,HTTP,0
5631797,https://promo.twix.ua,https://promo.twix.ua,300,[u'5664'],[u'dpuk-vl-gdpr-web01'],DPUK-S,Up,0,True,0,HTTP,0
369463,https://wrigleyoralhealthcare.co.uk,https://wrigleyoralhealthcare.co.uk,300,"[u'5664', u'9965']",[u'dpuk-vw-web11'],DPUK-S,Up,100,False,0,HTTP,0
5830455,https://fr.bekindsnacks.com/fr-fr,https://fr.bekindsnacks.com/fr-fr,300,"[u'161503', u'199857']",[u'Externally Hosted'],Externally Hosted,Up,100,False,0,HTTP,0
5899576,https://www.nutro.it,https://www.nutro.it,300,[u'5664'],[u'dpuk-vw-pet-web03'],DPUK-S,Up,100,False,0,HTTP,0
5949752,https://www.nutro.ru,https://www.nutro.ru,300,[u'5664'],[u'plesk-01.mngt.mars.com'],,Up,100,False,0,HTTP,0
3141688,https://multifunction.royalcanin.fi,https://multifunction.royalcanin.fi,300,[u'75197'],[u'Externally Hosted'],Externally Hosted,Up,100,False,0,HTTP,0
5830456,https://ru.bekindsnacks.com/ru,https://ru.bekindsnacks.com/ru,300,"[u'161503', u'199857']",[u'Externally Hosted'],Externally Hosted,Up,100,False,0,HTTP,0
3222585,https://www.unclebens.com.br,https://www.unclebens.com.br,300,[u'5664'],[u'dpuk-vl-web01'],DPUK-S,Up,100,False,0,HTTP,0
90425,https://5gum.com,https://5gum.com,900,"[u'5664', u'9965']",[u'externalhosting-non-pci-prod'],AWS-PAAS-EBS,Up,0,True,0,HTTP,0
3573305,https://pip.mars.com,https://pip.mars.com,300,[u'97424'],[u'Externally Hosted'],AZURE,Up,100,False,0,HTTP,0
5897017,https://cafr.tastybite.com,https://cafr.tastybite.com,900,[u'5664'],[u'aws-use1-rlx-web01'],AWS-IAAS-EC2,Up,100,False,0,HTTP,0
112698,https://www.vets-greenies.jp,https://www.vets-greenies.jp,300,[u'5664'],[u'dphk-vl-web01'],DPHK-S,Up,100,False,0,HTTP,0
5226810,https://shop.royal-canin.ru/ru/account,https://shop.royal-canin.ru/ru/account,300,[u'152335'],[u'Externally Hosted'],Externally Hosted,Up,93.06,False,0,HTTP,0
117818,https://www.whiskas.si,https://www.whiskas.si,300,[u'5664'],[u'dpuk-vw-gdpr-web02'],DPUK-S,Up,100,False,0,HTTP,0
3141690,https://multifunction.royalcanin.dk,https://multifunction.royalcanin.dk,300,[u'75197'],[u'Externally Hosted'],Externally Hosted,Up,100,False,0,HTTP,0
5725243,https://2025digitalvision.mars.com/,https://2025digitalvision.mars.com/,900,[u'5664'],[u'externalhosting-non-pci-prod'],AWS-PAAS-EBS,Up,100,False,0,HTTP,0
2192699,dpuk-vw-pet-web01.mars-inc.om,dpuk-vw-pet-web01.mars-inc.com,300,"[u'5664', u'99942']","[u'dpuk-vw-pet-web01', u'SERVER']",DPUK-D,Up,100,False,0,HTTP,0
117563,https://footer-admin.mars.com,https://footer-admin.mars.com,900,"[u'5664', u'8491']",[u'externalhosting-non-pci-prod'],AWS-PAAS-EBS,Up,100,False,0,HTTP,0
5624891,https://promo.unclebens.ch,https://promo.unclebens.ch,300,[u'5664'],[u'dpuk-vl-gdpr-web01'],DPUK-S,Up,100,False,0,HTTP,0
5830459,https://at.bekindsnacks.com/at-de,https://at.bekindsnacks.com/at-de,300,"[u'161503', u'199857']",[u'Externally Hosted'],Externally Hosted,Up,100,False,0,HTTP,0
90172,https://masterfoods.com.au,https://masterfoods.com.au,300,[u'8491'],[u'Externally Hosted'],Externally Hosted,Up,100,False,0,HTTP,0
2192700,dpuk-vw-pet-web02.mars-inc.om,dpuk-vw-pet-web02.mars-inc.com,300,"[u'5664', u'99942']","[u'dpuk-vw-pet-web02', u'SERVER']",DPUK-D,Up,100,False,0,HTTP,0
1956924,snickers-barber.jp,snickers-barber.jp,300,[u'5664'],[u'dphk-vw-web04'],DPHK-S,Up,100,False,0,HTTP,0
5897020,https://ca.tastybite.com,https://ca.tastybite.com,900,[u'5664'],[u'aws-use1-rlx-web01'],AWS-IAAS-EC2,Up,100,False,0,HTTP,0
77373,https://www.greenies.com,https://www.greenies.com,900,"[u'5664', u'151937', u'218922']",[u'Externalhosting-pci-prod'],AWS-PAAS-EBS,Up,100,False,0,HTTP,0
5724477,https://www.frame-camera.com/kkpf20,https://frame-camera.com/kkpf20,300,[u'5664'],[u'dphk-vl-web01'],DPHK-S,Up,100,False,0,HTTP,0
90429,https://www.americanheritagechocolate.com,https://www.americanheritagechocolate.com,300,[u'5664'],[u'dpuk-vl-web05'],DPUK-S,Up,100,False,0,HTTP,0
117821,https://www.whiskas.com.tr,https://www.whiskas.com.tr,300,[u'5664'],[u'dpuk-vw-pet-web02'],DPUK-S,Up,100,False,0,HTTP,0
3141693,https://multifunction.royalcanin.es,https://multifunction.royalcanin.es,300,[u'75197'],[u'Externally Hosted'],Externally Hosted,Up,100,False,0,HTTP,0
5646910,https://www.karmionezmiloscia.pl,https://www.karmionezmiloscia.pl,300,[u'8491'],[u'dpuk-vw-gdpr-web03'],DPUK-S,Up,100,False,0,HTTP,0
89150,https://www.whiskas.at,https://www.whiskas.at,300,[u'5664'],[u'dpuk-vw-gdpr-web02'],DPUK-S,Up,100,False,0,HTTP,0
90430,https://balisto.at,https://balisto.at,300,"[u'5664', u'8491']",[u'dpuk-vl-gdpr-web01'],DPUK-S,Up,100,False,0,HTTP,0
77375,https://www.pedigreefoundation.org,https://www.pedigreefoundation.org,300,[u'5664'],[u'dpuk-vl-web05'],DPUK-S,Up,100,False,0,HTTP,0
117823,https://www.uk.cesar.com,https://www.uk.cesar.com,300,[u'5664'],[u'dpuk-vw-pet-web01'],DPUK-S,Up,100,False,0,HTTP,0
5301823,https://bettercitiesforpets.de,https://bettercitiesforpets.de,300,[u'5664'],[u'dpuk-vl-gdpr-web02'],DPUK-S,Up,100,False,0,HTTP,0
3141695,https://multifunction.royalcanin.lt,https://multifunction.royalcanin.lt,300,[u'75197'],[u'Externally Hosted'],Externally Hosted,Up,100,False,0,HTTP,0
5830463,https://me.bekindsnacks.com/ar,https://me.bekindsnacks.com/ar,300,"[u'161503', u'199857']",[u'Externally Hosted'],Externally Hosted,Up,100,False,0,HTTP,0
90432,https://www.balisto.de,https://www.balisto.de,300,"[u'5664', u'8491']",[u'dpuk-vl-gdpr-web01'],DPUK-S,Up,100,False,0,HTTP,0
2192704,dpuk-vw-pet-web03.mars-inc.om,dpuk-vw-pet-web03.mars-inc.com,300,"[u'5664', u'99942']","[u'dpuk-vw-pet-web03', u'SERVER']",DPUK-D,Up,100,False,0,HTTP,0
117824,https://twix.it,https://twix.it,300,"[u'5664', u'8491']",[u'dpuk-vl-gdpr-web02'],DPUK-S,Up,100,False,0,HTTP,0
3141696,https://multifunction.royalcanin.lv,https://multifunction.royalcanin.lv,300,[u'75197'],[u'Externally Hosted'],Externally Hosted,Up,100,False,0,HTTP,0
5636673,https://www.wellbeloved.com,https://www.wellbeloved.com,300,[u'5664'],[u'dpuk-vl-gdpr-web02'],DPUK-S,Up,100,False,0,HTTP,0
89153,https://www.waltham.com,https://www.waltham.com,300,"[u'161503', u'199857']",[u'Externally Hosted'],Externally Hosted,Up,100,False,0,HTTP,0
5725249,https://api.confectionery.mars.com/,https://api.confectionery.mars.com/,900,[u'5664'],[u'externalhosting-non-pci-prod'],AWS-PAAS-EBS,Up,100,False,0,HTTP,0
90433,https://www.balisto.fr,https://www.balisto.fr,300,"[u'5664', u'8491']",[u'dpuk-vl-gdpr-web02'],DPUK-S,Up,100,False,0,HTTP,0
112705,www.snickers.jp,www.snickers.jp,300,[u'5664'],[u'dphk-vw-web04'],DPHK-S,Up,100,False,0,HTTP,0
3141697,https://multifunction.royalcanin.ee,https://multifunction.royalcanin.ee,300,[u'75197'],[u'Externally Hosted'],Externally Hosted,Up,100,False,0,HTTP,0
5789762,https://chn.mars.com/,https://chn.mars.com/,300,"[u'161503', u'199857']",[u'Externally Hosted'],Externally Hosted,Up,100,False,0,HTTP,0
2187074,https://dentastix.pedigree.pt,https://dentastix.pedigree.pt,300,[u'5664'],[u'dpuk-vw-pet-web02'],DPUK-D,Up,100,False,0,HTTP,0
117058,https://twix.at,https://twix.at,300,"[u'5664', u'8491']",[u'dpuk-vl-gdpr-web01'],DPUK-S,Up,100,False,0,HTTP,0
5830466, https://es.bekindsnacks.com/es,https://es.bekindsnacks.com/es,300,"[u'161503', u'199857']",[u'Externally Hosted'],Externally Hosted,Up,100,False,0,HTTP,0
5789763,https://chn.mars.com/en,https://chn.mars.com/en,300,"[u'161503', u'199857']",[u'Externally Hosted'],Externally Hosted,Up,100,False,0,HTTP,0
89155,www.pedigree.jp,www.pedigree.jp,300,[u'5664'],[u'dphk-vw-web04'],DPHK-S,Up,100,False,0,HTTP,0
5997123,www.petcollege.mars.com,www.petcollege.mars.com,900,[u'5664'],[u'externalhosting-non-pci-prod'],,Up,100,False,0,HTTP,0
5777732,https://breeders-mars.com.ua,https://breeders-mars.com.ua,300,[u'5664'],[u'dpuk-vl-gdpr-web02'],DPUK-S,Up,100,False,0,HTTP,0
5789764,https://idn.mars.com/en,https://idn.mars.com/en,300,"[u'161503', u'199857']",[u'Externally Hosted'],Externally Hosted,Up,100,False,0,HTTP,0
112709,www.m-ms.jp,www.m-ms.jp,300,[u'5664'],[u'dphk-vw-web04'],DPHK-S,Up,100,False,0,HTTP,0
3141701,https://retailwebshop.royalcanin.nl,https://retailwebshop.royalcanin.nl,300,[u'111189'],[u'Externally Hosted'],Externally Hosted,Up,100,False,0,HTTP,0
5653830,https://www.catordog.gr,https://www.catordog.gr,300,[u'5664'],[u'dpuk-vl-gdpr-web02'],DPUK-S,Up,100,False,0,HTTP,0
3624006,dpuk-vw-gdpr-web02.mars-inc.com,dpuk-vw-gdpr-web02.mars-inc.com,300,[u'5664'],"[u'dpuk-vw-gdpr-web02', u'SERVER']",DPUK-S,Up,100,False,0,HTTP,0
5789766,https://kor.mars.com/,https://kor.mars.com/,300,"[u'161503', u'199857']",[u'Externally Hosted'],Externally Hosted,Up,100,False,0,HTTP,0
5810502,https://api.beheard.mars.com,https://api.beheard.mars.com,900,[u'5664'],[u'externalhosting-non-pci-prod'],AWS-PAAS-EBS,Up,100,False,0,HTTP,0
117831,https://www.seedsofchange.co.uk,http://www.seedsofchange.co.uk,300,"[u'5664', u'8491']",[u'dpuk-vw-sitefinity-web01'],DPUK-S,Up,100,False,0,HTTP,0
5830471,https://hu.bekindsnacks.com/hu,https://hu.bekindsnacks.com/hu,300,"[u'161503', u'199857']",[u'Externally Hosted'],Externally Hosted,Up,100,False,0,HTTP,0
5789768,https://twn.mars.com/,https://twn.mars.com/,300,"[u'161503', u'199857']",[u'Externally Hosted'],Externally Hosted,Up,100,False,0,HTTP,0
3896648,https://eucuido.pt,https://eucuido.pt,300,[u'5664'],[u'dpuk-vl-web02'],DPUK-S,Up,100,False,0,HTTP,0
112712,https://marsfoodservices.com.au,https://marsfoodservices.com.au,300,[u'5664'],[u'dphk-vw-web05'],DPHK-S,Up,100,False,0,HTTP,0
565321,https://marstagwizard.com,https://marstagwizard.com,900,[u'5664'],[u'externalhosting-non-pci-prod'],AWS-PAAS-S3,Up,100,False,0,HTTP,0
3141705,https://weborder.royalcanin.se,https://weborder.royalcanin.se,300,[u'111189'],[u'Externally Hosted'],Externally Hosted,Up,100,False,0,HTTP,0
1769802,https://www.sheba.ee,https://www.sheba.ee,300,[u'5664'],[u'dpuk-vw-pet-web01'],DPUK-S,Up,100,False,0,HTTP,0
5789770,https://twn.mars.com/en,https://twn.mars.com/en,300,[u'8491'],[u'Externally Hosted'],Externally Hosted,Up,100,False,0,HTTP,0
117578,http://twix.nl,http://twix.nl,300,[u'5664'],[u'dpuk-vl-gdpr-web01'],DPUK-S,Up,100,False,0,HTTP,0
3141706,https://www.webshop.royalcanin.fi,https://www.webshop.royalcanin.fi,300,[u'111189'],[u'Externally Hosted'],Externally Hosted,Up,100,False,0,HTTP,0
5789771,https://arg.mars.com/,https://arg.mars.com/,300,"[u'161503', u'199857']",[u'Externally Hosted'],Externally Hosted,Up,100,False,0,HTTP,0
106827,https://www.mymms.pl,https://www.mymms.pl,300,[u'11469'],[u'Externally Hosted'],Externally Hosted,Up,100,False,0,HTTP,0
112715,www.kalkan.jp,www.kalkan.jp,300,[u'5664'],[u'dphk-vw-web04'],DPHK-S,Up,100,False,0,HTTP,0
3141707,https://order.royalcanin.co.kr,https://order.royalcanin.co.kr,300,[u'111189'],[u'Externally Hosted'],Externally Hosted,Up,100,False,0,HTTP,0
5830475,https://it.bekindsnacks.com/it-it,https://it.bekindsnacks.com/it-it,300,"[u'161503', u'199857']",[u'Externally Hosted'],Externally Hosetd,Up,100,False,0,HTTP,0
5789772,https://bra.mars.com/,https://bra.mars.com/,300,"[u'161503', u'199857']",[u'Externally Hosted'],Externally Hosted,Up,100,False,0,HTTP,0
5789773,https://can.mars.com/fr,https://can.mars.com/fr,300,"[u'161503', u'199857']",[u'Externally Hosted'],Externally Hosted,Up,100,False,0,HTTP,0
5335885,https://sheba-cp.jp/photoframe,https://sheba-cp.jp/photoframe,300,[u'5664'],[u'dphk-vl-web01'],DPHK-S,Up,100,False,0,HTTP,0
112717,https://www.greenies.tw,https://www.greenies.tw,300,[u'5664'],[u'dphk-vw-web04'],DPHK-S,Up,100,False,0,HTTP,0
5789774,https://can.mars.com/en,https://can.mars.com/en,300,"[u'161503', u'199857']",[u'Externally Hosted'],Externally Hosted,Up,100,False,0,HTTP,0
89166,https://whiskas.com,https://whiskas.com,900,[u'5664'],[u'externalhosting-non-pci-prod'],AWS-PAAS-EBS,Up,100,False,0,HTTP,0
116302,https://www.mars-foodservice.fr,https://www.mars-foodservice.fr,300,"[u'5664', u'8491']",[u'dpuk-vw-gdpr-web03'],DPUK-S,Up,100,False,0,HTTP,0
5789775,https://mex.mars.com/,https://mex.mars.com/,300,"[u'161503', u'199857']",[u'Externally Hosted'],Externally Hosted,Up,100,False,0,HTTP,0
89167,https://www.unclebens.com,http://www.unclebens.com,900,[u'151937'],[u'Externally Hosted'],EXTERNALLY HOSTED,Up,100,False,0,HTTP,0
112719,https://www.dine.co.nz,https://www.dine.co.nz,300,[u'5664'],[u'dphk-vw-web04'],DPHK-S,Up,100,False,0,HTTP,0
116303,https://www.mars-foodservice.co.uk,https://www.mars-foodservice.co.uk,300,"[u'5664', u'8491']",[u'dpuk-vw-gdpr-web03'],DPUK-S,Up,0,True,0,HTTP,0
117583,https://www.temptationstreats.ca,https://www.temptationstreats.ca,300,[u'5664'],[u'dpuk-vw-pet-web01'],DPUK-D,Up,100,False,0,HTTP,0
5830479,https://sk.bekindsnacks.com/sk,https://sk.bekindsnacks.com/sk,300,"[u'161503', u'199857']",[u'Externally Hosted'],Externally Hosted,Up,100,False,0,HTTP,0
117840,https://www.pedigree.se,https://www.pedigree.se,300,[u'5664'],[u'dpuk-vw-gdpr-web03'],DPUK-S,Up,100,False,0,HTTP,0
5830480,https://cz.bekindsnacks.com/cs,https://cz.bekindsnacks.com/cs,300,"[u'161503', u'199857']",[u'Externally Hosted'],Externally Hosted,Up,100,False,0,HTTP,0
5789777,https://ombudsman.mars.com/ar,https://ombudsman.mars.com/ar,300,"[u'161503', u'199857']",[u'Externally Hosted'],Externally Hosted,Up,100,False,0,HTTP,0
117841,https://pedigree.pt,https://pedigree.pt,300,[u'5664'],[u'dpuk-vl-gdpr-web02'],DPUK-S,Up,100,False,0,HTTP,0
5830481,https://ro.bekindsnacks.com/ro,https://ro.bekindsnacks.com/ro,300,"[u'161503', u'199857']",[u'Externally Hosted'],Externally Hosted,Up,100,False,0,HTTP,0
5789778,https://ombudsman.mars.com/zh-hans,https://ombudsman.mars.com/zh-hans,300,"[u'161503', u'199857']",[u'Externally Hosted'],Externally Hosted,Up,100,False,0,HTTP,0
89170,https://www.sheba.com,https://www.sheba.com,900,"[u'5664', u'151937', u'218922']",[u'externalhosting-non-pci-prod'],AWS-PAAS-EBS,Up,100,False,0,HTTP,0
117842,https://www.pedigree.gr,https://www.pedigree.gr,300,[u'5664'],[u'dpuk-vw-gdpr-web03'],DPUK-S,Up,100,False,0,HTTP,0
5830482,https://mx.bekindsnacks.com,https://mx.bekindsnacks.com,300,"[u'161503', u'199857']",[u'Externally Hosted'],Externally Hosted,Up,100,False,0,HTTP,0
5195859,https://twix.ru,https://twix.ru,300,[u'5664'],[u'plesk-02.mngt.mars.com'],DATALINE RU,Up,100,False,0,HTTP,0
5789779,https://ombudsman.mars.com/de,https://ombudsman.mars.com/de,300,"[u'161503', u'199857']",[u'Externally Hosted'],Externally Hosted,Up,100,False,0,HTTP,0
5283923,http://dovechocolate.jp,http://dovechocolate.jp,300,[u'5664'],[u'dphk-vw-web04'],DPHK-S,Up,100,False,0,HTTP,0
117843,https://pedigree.ch,https://pedigree.ch,300,[u'5664'],[u'dpuk-vw-pet-web02'],DPUK-S,Up,100,False,0,HTTP,0
5830483,https://se.bekindsnacks.com,https://se.bekindsnacks.com,300,"[u'161503', u'199857']",[u'Externally Hosted'],Externally Hosted,Up,100,False,0,HTTP,0
5117012,http://mojorbit.pl ,http://mojorbit.pl,300,"[u'5664', u'8491']",[u'dpuk-vl-gdpr-web02'],DPUK-S,Up,100,False,0,HTTP,0
77396,https://www.mymms.be,https://www.mymms.be,300,[u'11469'],[u'Externally Hosted'],Externally Hosted,Up,100,False,0,HTTP,0
112724,https://www.exelpet.com.au,https://www.exelpet.com.au,300,[u'5664'],[u'dphk-vw-web04'],DPHK-S,Up,100,False,0,HTTP,0
77397,https://www.mymms.co.uk,https://www.mymms.co.uk,300,[u'11469'],[u'Externally Hosted'],Externally Hosted,Up,100,False,0,HTTP,0
90709,https://nuba.mars.com,https://nuba.mars.com,300,"[u'5664', u'8491']",[u'dpuk-vw-web11'],DPUK-S,Up,100,False,0,HTTP,0
549461,https://www.bounty-insel.de,https://www.bounty-insel.de,300,[u'5664'],[u'dpuk-vl-web03'],DPUK-S,Up,100,False,0,HTTP,0
112725,https://www.catsan.com.au,https://www.catsan.com.au,300,[u'5664'],[u'dphk-vw-web05'],DPUK-S,Up,100,False,0,HTTP,0
5830485,https://fi.bekindsnacks.com,https://fi.bekindsnacks.com,300,"[u'161503', u'199857']",[u'Externally Hosted'],Externally Hosted,Up,100,False,0,HTTP,0
77398,https://www.mymms.de,https://www.mymms.de,300,[u'11469'],[u'Externally Hosted'],Externally Hosted,Up,100,False,0,HTTP,0
90710,https://mts.mars.com,https://mts.mars.com,300,[u'5664'],[u'dpuk-vw-web09'],DPUK-S,Up,100,False,0,HTTP,0
5830486,https://jp.bekindsnacks.com,https://jp.bekindsnacks.com,300,"[u'161503', u'199857']",[u'Externally Hosted'],Externally Hosted,Up,100,False,0,HTTP,0
3736407,https://1af-class.pedigree.ru,https://1af-class.pedigree.ru,300,"[u'5664', u'99942', u'146492']",[u'plesk-01.mngt.mars.com'],DATALINE RU,Up,100,False,0,HTTP,0
5789783,https://ombudsman.mars.com/nl,https://ombudsman.mars.com/nl,300,"[u'161503', u'199857']",[u'Externally Hosted'],Externally Hosted,Up,100,False,0,HTTP,0
112983,https://www.petprofi.de,https://www.petprofi.de,300,[u'5664'],[u'dpuk-vl-gdpr-marsonlinede-web01'],DPUK-D,Up,100,False,0,HTTP,0
117847,https://www.misfits-treats.com,https://www.misfits-treats.com,300,[u'5664'],[u'dpuk-vw-gdpr-web02'],DPUK-S,Up,100,False,0,HTTP,0
77400,https://www.mymms.fr,https://www.mymms.fr,300,[u'11469'],[u'Externally Hosted'],Externally Hosted,Up,100,False,0,HTTP,0
117848,https://www.mesdehigieneoral.es,https://www.mesdehigieneoral.es,300,"[u'5664', u'9965']",[u'dpuk-vw-pet-web01'],DPUK-S,Up,100,False,0,HTTP,0
5830488,https://pt.bekindsnacks.com/pt-pt,https://pt.bekindsnacks.com/pt-pt,300,"[u'161503', u'199857']",[u'Externally Hosted'],Externally Hosted,Up,100,False,0,HTTP,0
77401,https://www.mymms.it,https://www.mymms.it,300,[u'11469'],[u'Externally Hosted'],Externally Hosted,Up,100,False,0,HTTP,0
5978457,https://www.mms-streaming.it,https://www.mms-streaming.it,900,[u'5664'],[u'dpuk-vl-gdpr-web02'],DPUK-S,Up,100,False,0,HTTP,0
5789785,https://ombudsman.mars.com/es,https://ombudsman.mars.com/es,300,"[u'161503', u'199857']",[u'Externally Hosted'],Externally Hosted,Up,100,False,0,HTTP,0
5934169,www.shebahopegrows.com,https://www.shebahopegrows.com,900,[u'5664'],[u'externalhosting-non-pci-prod'],AWS-PAAS-EBS,Up,91.67,False,0,HTTP,0
117593,https://response.greenies.com,https://response.greenies.com,900,[u'5664'],[u'externalhosting-non-pci-prod'],AWS-PAAS-EBS,Up,100,False,0,HTTP,0
5830489,https://hk.bekindsnacks.com/zh-hant,https://hk.bekindsnacks.com/zh-hant,300,"[u'161503', u'199857']",[u'Externally Hosted'],Externally Hosted,Up,100,False,0,HTTP,0
5577562,https://cargo-ua.mars.com/,https://cargo-ua.mars.com/,300,[u'97424'],[u'Externally Hosted'],AZURE,Up,100,False,0,HTTP,0
77402,https://www.mymms.nl,https://www.mymms.nl,300,[u'11469'],[u'Externally Hosted'],Externally Hosted,Up,100,False,0,HTTP,0
5332314,https://dreamies.ua,https://dreamies.ua,300,[u'5664'],[u'dpuk-vw-gdpr-web03'],DPUK-S,Up,100,False,0,HTTP,0
90714,https://www.pedigree.de,https://www.pedigree.de,300,[u'5664'],[u'dpuk-vw-pet-web02'],DPUK-S,Up,100,False,0,HTTP,0
112986,https://www.mars4vets.eu/,https://www.mars4vets.eu/,300,[u'5664'],[u'dpuk-vl-gdpr-marsonlinede-web01'],DPUK-D,Up,100,False,0,HTTP,0
5830490,https://hk.bekindsnacks.com,https://hk.bekindsnacks.com,300,"[u'161503', u'199857']",[u'Externally Hosted'],Externally Hosted,Up,100,False,0,HTTP,0
5789787,https://ombudsman.mars.com/fr,https://ombudsman.mars.com/fr,300,"[u'161503', u'199857']",[u'Externally Hosted'],Externally Hosted,Up,100,False,0,HTTP,0
112987,https://www.mars4vets.de,https://www.mars4vets.de,300,[u'5664'],[u'dpuk-vl-gdpr-marsonlinede-web01'],DPUK-D,Up,100,False,0,HTTP,0
117595,https://qfs-warehouses.mars.com,https://qfs-warehouses.mars.com,900,"[u'5664', u'7450', u'8491']",[u'externalhosting-non-pci-prod'],AWS-PAAS-EBS,Up,100,False,0,HTTP,0
5789788,https://ombudsman.mars.com/hi,https://ombudsman.mars.com/hi,300,"[u'161503', u'199857']",[u'Externally Hosted'],Externally Hosted,Up,100,False,0,HTTP,0
3107932,https://mesdehigieneoral.pt,https://mesdehigieneoral.pt,300,[u'5664'],[u'dpuk-vw-pet-web02'],DPUK-S,Up,100,False,0,HTTP,0
117852,https://www.mars-foodservice.ch,https://www.mars-foodservice.ch,300,"[u'5664', u'8491']",[u'dpuk-vl-gdpr-web02'],DPUK-S,Up,100,False,0,HTTP,0
1956700,www.spt-japan.jp,www.spt-japan.jp,300,[u'5664'],[u'dphk-vw-web04'],DPHK-S,Up,100,False,0,HTTP,0
5830492,https://tw.bekindsnacks.com,https://tw.bekindsnacks.com,300,"[u'161503', u'199857']",[u'Externally Hosted'],Externally Hosted,Up,100,False,0,HTTP,0
5789789,https://ombudsman.mars.com/lt,https://ombudsman.mars.com/lt,300,"[u'161503', u'199857']",[u'Externally Hosted'],Externally Hosted,Up,100,False,0,HTTP,0
112989,http://www.mars4vets.at,http://www.mars4vets.at,300,[u'5664'],[u'dpuk-vl-gdpr-marsonlinede-web01'],DPUK-D,Up,100,False,0,HTTP,0
77406,https://unclebens.no,https://unclebens.no,300,"[u'5664', u'8491']",[u'dpuk-vl-gdpr-web02'],DPUK-S,Up,100,False,0,HTTP,0
5789790,https://ombudsman.mars.com/hu,https://ombudsman.mars.com/hu,300,"[u'161503', u'199857']",[u'Externally Hosted'],Externally Hosted,Up,100,False,0,HTTP,0
3107934,https://mfssupportkit.com,https://mfssupportkit.com,300,[u'5664'],[u'dpuk-vl-web05'],DPUK-S,Up,100,False,0,HTTP,0
1109086,dpuk-vw-web11.mars-inc.com,dpuk-vw-web11.mars-inc.com,300,"[u'5664', u'99942']","[u'dpuk-vw-web11', u'SERVER']",DPUK-S,Up,100,False,0,HTTP,0
5789791,https://ombudsman.mars.com/pl,https://ombudsman.mars.com/pl,300,"[u'161503', u'199857']",[u'Externally Hosted'],Externally Hosted,Up,100,False,0,HTTP,0
5436767,iams.asia,iams.asia,300,[u'5664'],[u'dphk-vw-web05'],DPHK-S,Up,100,False,0,HTTP,0
5829983,https://youchewyou.ca,https://youchewyou.ca,300,[u'171851'],[u'dpuk-vw-web10'],DPUK-S,Up,100,False,0,HTTP,0
5789792,https://ombudsman.mars.com/pt-pt,https://ombudsman.mars.com/pt-pt,300,"[u'161503', u'199857']",[u'Externally Hosted'],Externally Hosted,Up,100,False,0,HTTP,0
117600,https://www.pedigree.com.ar,https://www.pedigree.com.ar,900,[u'5664'],[u'aws-use1-rlx-web01'],AWS-IAAS-EC2,Up,100,False,0,HTTP,0
1956704,https://www.greenies.com.au,https://www.greenies.com.au,300,[u'5664'],[u'dphk-vw-web05'],DPHK-S,Up,100,False,0,HTTP,0
5789793,https://ombudsman.mars.com/ru,https://ombudsman.mars.com/ru,300,"[u'161503', u'199857']",[u'Externally Hosted'],Externally Hosted,Up,100,False,0,HTTP,0
3896417,https://marschina.cn,https://marschina.cn,300,[u'8491'],[u'Externally Hosted'],Externally Hosted,Up,100,False,0,HTTP,0
117857,https://www.dreamiestreats.co.uk,https://www.dreamiestreats.co.uk,300,[u'5664'],[u'dpuk-vw-gdpr-web02'],DPUK-S,Up,100,False,0,HTTP,0
5830498,https://au.bekindsnacks.com,https://au.bekindsnacks.com,300,"[u'161503', u'199857']",[u'Externally Hosted'],Externally Hosted,Up,100,False,0,HTTP,0
5789795,https://ombudsman.mars.com/th,https://ombudsman.mars.com/th,300,"[u'161503', u'199857']",[u'Externally Hosted'],Externally Hosted,Up,100,False,0,HTTP,0
3107939,https://mix.mars.com,https://mix.mars.com,900,[u'5664'],[u'externalhosting-non-pci-prod'],AWS-PAAS-EBS,Up,100,False,0,HTTP,0
117859,https://www.dolmio.co.uk,https://www.dolmio.co.uk,300,[u'8491'],[u'Externally Hosted'],DPUK-S,Up,100,False,0,HTTP,0
5830499,https://gr.bekindsnacks.com: requested by oleksandr.bielov@effem.com on 12th May,https://gr.bekindsnacks.com,300,"[u'161503', u'199857']",[u'Externally Hosted'],Externally Hosted,Down,0,True,0,HTTP,0
5830500,https://no.bekindsnacks.com/nn,https://no.bekindsnacks.com/nn,300,"[u'161503', u'199857']",[u'Externally Hosted'],DPUK_S,Up,100,False,0,HTTP,0
5133669,https://wrigleyoralhealth.com,https://wrigleyoralhealth.com,900,[u'5664'],[u'externalhosting-non-pci-prod'],AWS-PAAS-EBS,Up,100,False,0,HTTP,0
117861,https://www.cesar.nl,https://www.cesar.nl,300,[u'5664'],[u'dpuk-vl-gdpr-web01'],DPUK-S,Up,100,False,0,HTTP,0
3950951,https://kitekat.com,https://kitekat.com,300,[u'5664'],[u'dpuk-vl-gdpr-web01'],DPUK-S,Up,100,False,0,HTTP,0
5055592,https://greenies.co.uk,https://www.greenies.co.uk,300,[u'8491'],[u'Externally Hosted'],Externally Hosted,Up,100,False,0,HTTP,0
3896424,https://marsjapan.co.jp,https://marsjapan.co.jp,300,[u'8491'],[u'Externally Hosted'],Externally Hosted,Up,100,False,0,HTTP,0
5055593,https://greenies.fr,https://www.greenies.fr,300,[u'8491'],[u'Externally Hosted'],Externally Hosted,Up,100,False,0,HTTP,0
570217,https://breeders.royalcanin.com.au,https://breeders.royalcanin.com.au,300,"[u'5664', u'8491']",[u'dphk-vw-web04'],DPHK-S,Up,100,False,0,HTTP,0
117609,https://mars-itr.com,https://mars-itr.com,300,"[u'5664', u'7450']",[u'dpuk-vl-web01'],DPUK-S,Up,100,False,0,HTTP,0
5055594,https://greenies.it,https://www.greenies.it,300,[u'8491'],[u'Externally Hosted'],Externally Hosted,Up,100,False,0,HTTP,0
3107946,https://mtd.mars.com,https://mtd.mars.com,300,[u'5664'],[u'dpuk-vw-web10'],DPUK-S,Up,0,True,0,HTTP,0
3887723,https://abetterworldforpets.com,https://abetterworldforpets.com,900,[u'5664'],[u'aws-use1-rlx-web01'],AWS-IAAS-EC2,Up,100,False,0,HTTP,0
3107947,https://mtk.mars.com,https://mtk.mars.com,900,[u'5664'],[u'externalhosting-non-pci-prod'],AWS-PAAS-EBS,Up,100,False,0,HTTP,0
3112555,https://dreamies.com.br,https://dreamies.com.br,900,[u'5664'],[u'externalhosting-non-pci-prod'],AWS-PAAS-EBS,Down,0,True,0,HTTP,0
5055596,https://cravepetfood.de,https://www.cravepetfood.de,300,[u'8491'],[u'Externally Hosted'],Externally Hosted,Up,100,False,0,HTTP,0
339820,https://goldencob.com.au,https://goldencob.com.au,300,[u'5664'],[u'dphk-vw-web04'],DPHK-S,Up,100,False,0,HTTP,0
5055597,https://cravepetfood.co.uk,https://www.cravepetfood.co.uk,300,[u'8491'],[u'Externally Hosted'],Externally Hosted,Up,100,False,0,HTTP,0
3107949,https://mymarspns.mars.com,https://mymarspns.mars.com,900,[u'5664'],[u'externalhosting-non-pci-prod'],AWS-PAAS-EBS,Up,100,False,0,HTTP,0
5158253,https://bel.mars.com,https://bel.mars.com,300,"[u'161503', u'199857']",[u'Externally Hosted'],Externally Hosted,Up,100,False,0,HTTP,0
5158254,https://aus.mars.com,https://aus.mars.com,300,"[u'161503', u'199857']",[u'Externally Hosted'],Externally Hosted,Up,100,False,0,HTTP,0
1101422,www.catterbox.com,www.catterbox.com,300,[u'5664'],[u'dpuk-vw-pet-web02'],DPUK-D,Up,100,False,0,HTTP,0
339823,https://harmonywildbird.com.au,https://harmonywildbird.com.au,300,[u'5664'],[u'dphk-vw-web05'],DPHK-S,Up,100,False,0,HTTP,0
5134191,https://wrigleyoralcare.com/,https://wrigleyoralcare.com/,900,[u'5664'],[u'externalhosting-non-pci-prod'],AWS-PAAS-EBS,Up,100,False,0,HTTP,0
5158255,https://gbr.mars.com,https://gbr.mars.com,300,"[u'161503', u'199857']",[u'Externally Hosted'],Externally Hosted,Up,100,False,0,HTTP,0
5846896,https://www.perfect-fit.pl,https://www.perfect-fit.pl,900,[u'5664'],[u'dpuk-vw-pet-web02'],DPUK-S,Up,100,False,0,HTTP,0
570224,https://www.iams.com.au,https://www.iams.com.au,300,[u'5664'],[u'dphk-vw-web05'],DPHK-S,Up,100,False,0,HTTP,0
5158256,https://ind.mars.com,https://ind.mars.com,300,"[u'161503', u'199857']",[u'Externally Hosted'],Externally Hosted,Up,100,False,0,HTTP,0
5846897,https://www.perfect-fit.at,https://www.perfect-fit.at,900,[u'5664'],[u'dpuk-vw-pet-web02'],,Up,100,False,0,HTTP,0
3950961,www.snickers.bg,www.snickers.bg,300,"[u'5664', u'8491']",[u'dpuk-vl-web05'],DPUK-S,Up,100,False,0,HTTP,0
4023153,https://orbitdental.ch,https://orbitdental.ch,300,[u'5664'],[u'dpuk-vl-web04'],DPUK-S,Up,100,False,0,HTTP,0
5158257,https://ire.mars.com,https://ire.mars.com,300,"[u'161503', u'199857']",[u'Externally Hosted'],Externally Hosted,Up,100,False,0,HTTP,0
117873,https://www.uk.sheba.com,https://www.uk.sheba.com,300,[u'5664'],[u'dpuk-vw-pet-web01'],DPUK-S,Up,100,False,0,HTTP,0
5055602,https://nutro.de,https://www.nutro.de,300,[u'5664'],[u'dpuk-vw-pet-web03'],,Up,100,False,0,HTTP,0
3107954,http://newsservice.mars.com,http://newsservice.mars.com,900,[u'5664'],[u'externalhosting-non-pci-prod'],AWS-PAAS-EBS,Up,100,False,0,HTTP,0
5797746,https://escapedbunnies.com,https://escapedbunnies.com,900,[u'5664'],[u'externalhosting-non-pci-prod'],AWS-PAAS-S3,Up,100,False,0,HTTP,0
5158258,https://zaf.mars.com,https://zaf.mars.com,300,"[u'161503', u'199857']",[u'Externally Hosted'],Externally Hosted,Up,100,False,0,HTTP,0
4110706,https://www.shop.royalcanin.com.tr,https://www.shop.royalcanin.com.tr,300,[u'152335'],[u'Externally Hosted'],Externally Hosted,Up,91.43,False,0,HTTP,0
117874,https://uk.pedigree.com,https://uk.pedigree.com,300,[u'5664'],[u'dpuk-vw-pet-web02'],DPUK-S,Up,100,False,0,HTTP,0
1104242,https://performancemanager5.successfactors.eu/login?company=marsinformP,https://performancemanager5.successfactors.eu/login?company=marsinformP,300,[u'15289'],[u'Externally Hosted'],Externally Hosted,Up,100,False,0,HTTP,0
5443443,bettercitiesforpets.fr,bettercitiesforpets.fr,300,[u'5664'],[u'dpuk-vl-gdpr-web02'],DPUK-S,Up,100,False,0,HTTP,0
5055603,https://royalcanin.com/us,https://www.royalcanin.com/us,300,[u'8491'],[u'Externally Hosted'],Externally Hosted,Up,100,False,0,HTTP,0
3107955,https://nubaservice.mars.com,https://nubaservice.mars.com,300,"[u'5664', u'8491']",[u'dpuk-vw-web10'],DPUK-S,Up,100,False,0,HTTP,0
117619,https://m.kalkan.com,https://m.kalkan.com,900,[u'5664'],[u'externalhosting-non-pci-prod'],AWS-PAAS-EBS,Up,96,False,0,HTTP,0
5055604,https://nutro.es,https://www.nutro.es,300,[u'8491'],[u'Externally Hosted'],Externally Hosted,Up,100,False,0,HTTP,0
3950964,https//marsbar.co.uk,https://marsbar.co.uk,300,"[u'5664', u'8491']",[u'dpuk-vw-gdpr-web03'],DPUK-S,Up,100,False,0,HTTP,0
5055605,https://crave.fr,https://www.crave.fr,300,[u'8491'],[u'Externally Hosted'],Externally Hosted,Up,100,False,0,HTTP,0
3107701,https://dreamies.no,https://dreamies.no,300,[u'5664'],[u'dpuk-vl-web05'],DPUK-S,Up,100,False,0,HTTP,0
3107957,https://nutrocanada.marsfb.com,https://nutrocanada.marsfb.com,300,[u'5664'],[u'dpuk-vl-web04'],DPUK-S,Up,100,False,0,HTTP,0
4110709,https://www.shop.royalcanin.com.tr/tr/account,https://www.shop.royalcanin.com.tr/tr/account,300,[u'152335'],[u'Externally Hosted'],Externally Hosted,Up,91.67,False,0,HTTP,0
3107702,https://dreamies.pl,https://dreamies.pl,300,[u'5664'],[u'dpuk-vw-pet-web02'],DPUK-S,Up,100,False,0,HTTP,0
3107703,https://dreamies.se,https://dreamies.se,300,[u'5664'],[u'dpuk-vl-web03'],DPUK-S,Up,100,False,0,HTTP,0
117623,https://kalkan.com,https://kalkan.com,900,[u'5664'],[u'externalhosting-non-pci-prod'],AWS-PAAS-EBS,Up,100,False,0,HTTP,0
5948536,https://football.m-ms.pt ,https://football.m-ms.pt,300,[u'5664'],[u'dpuk-vl-gdpr-web02'],DPUK-S,Up,100,False,0,HTTP,0
5055609,https://crave.at,https://www.crave.at,300,[u'8491'],[u'Externally Hosted'],Externally Hosted,Up,100,False,0,HTTP,0
3107961,https://pas.spt-japan.jp,https://pas.spt-japan.jp,300,[u'5664'],[u'dphk-vl-web01'],DPHK-S,Up,100,False,0,HTTP,0
1570169,content.dine.com.au/donotdelete.htm,content.dine.com.au/donotdelete.htm,300,[u'5664'],[u'dphk-vw-web04'],DPHK-S,Up,100,False,0,HTTP,0
5055610,https://nutro.at,https://www.nutro.at,300,[u'8491'],[u'Externally Hosted'],Externally Hosted,Up,100,False,0,HTTP,0
5337210,https://iams-india.com,http://iams-india.com,300,[u'5664'],[u'dpuk-vw-gdpr-web03'],DPUK-S,Up,100,False,0,HTTP,0
5447035,https://www.wrigley-dental.de,https://www.wrigley-dental.de,300,"[u'5664', u'8491']",[u'dpuk-vl-web05'],DPUK-S,Up,100,False,0,HTTP,0
5055611,https://nutro.be,https://www.nutro.be,300,[u'8491'],[u'dpuk-vw-pet-web03'],,Up,100,False,0,HTTP,0
3107963,https://password.effem.com,https://password.effem.com,900,[u'5664'],[u'externalhosting-non-pci-prod'],AWS-PAAS-EBS,Up,100,False,0,HTTP,0
5055612,https://tastybite.co.uk,https://www.tastybite.co.uk,300,[u'8491'],[u'Externally Hosted'],Externally Hosted,Up,100,False,0,HTTP,0
5358972,promotion.mars.de,promotion.mars.de,300,[u'5664'],[u'dpuk-vl-gdpr-marsonlinede-web01'],DPUK-S,Up,100,False,0,HTTP,0
3107965,https://pedigree.com.ph,https://pedigree.com.ph,300,[u'5664'],[u'dpuk-vw-pet-web01'],DPUK-S,Up,100,False,0,HTTP,0
4057214,https://kalkan-ikunyan.jp-redirecting,https://kalkan-ikunyan.jp,300,[u'5664'],[u'dphk-vl-web01'],DPHK-S,Up,0,True,0,HTTP,0
5435518,mars-sustainable-landing-page,https://mars-sustainable-generation.nl/,300,[u'5664'],[u'dpuk-vl-gdpr-web02'],DPUK-S,Up,100,False,0,HTTP,0
5466495,https://vetinsight.com/,https://vetinsight.com/,900,[u'5664'],[u'aws-use1-rlx-web01'],AWS-IAAS-EC2,Up,100,False,0,HTTP,0
366208,https://catisfactions.nl,https://catisfactions.nl,300,[u'5664'],[u'dpuk-vl-gdpr-web01'],DPUK-S,Up,100,False,0,HTTP,0
5353088,https://mars-graduates.kz,https://mars-graduates.kz,300,[u'5664'],[u'dpuk-vl-gdpr-web02'],DPUK-S,Up,100,False,0,HTTP,0
3687809,https://eukanuba.ru,https://eukanuba.ru,300,"[u'5664', u'99942', u'146492']",[u'plesk-01.mngt.mars.com'],DATALINE RU,Up,100,False,0,HTTP,0
366209,https://www.dreamies-snacks.de,https://www.dreamies-snacks.de,300,[u'5664'],[u'dpuk-vw-gdpr-web02'],DPUK-S,Up,100,False,0,HTTP,0
3107970,https://www.perfect-fit.de,https://www.perfect-fit.de,900,[u'5664'],[u'dpuk-vw-pet-web02'],AWS-IAAS-EC2,Up,100,False,0,HTTP,0
5046659,http://snickers.nl,http://snickers.nl,300,"[u'5664', u'8491']",[u'dpuk-vl-gdpr-web02'],DPUK-S,Up,100,False,0,HTTP,0
1639043,dpuk-vl-web02.mars-inc.com,dpuk-vl-web02.mars-inc.com,300,"[u'5664', u'99942']","[u'dpuk-vl-web02', u'SERVER']",DPUK-S,Up,100,False,0,HTTP,0
3107715,https://eukanuba.com.ar,https://eukanuba.com.ar,300,[u'5664'],[u'dpuk-vl-web03'],DPUK-S,Up,100,False,0,HTTP,0
371843,https://perfectfit.ru,https://perfectfit.ru,300,"[u'5664', u'99942', u'122532', u'122534', u'146492']",[u'plesk-01.mngt.mars.com'],DATALINE RU,Up,100,False,0,HTTP,0
397700,https://www.apifishcare.com,https://www.apifishcare.com,900,[u'5664'],[u'aws-use1-rlx-web01'],AWS-IAAS-EC2,Up,100,False,0,HTTP,0
3687812,https://orbit-promo.ru,https://orbit-promo.ru,300,"[u'5664', u'99942', u'146492']",[u'plesk-01.mngt.mars.com'],DATALINE RU,Up,100,False,0,HTTP,0
3437701,https://whiskas-pedigree.ru,https://whiskas-pedigree.ru,300,"[u'5664', u'122534', u'122542', u'99942', u'146492']",[u'plesk-01.mngt.mars.com'],DATALINE RU,Up,100,False,0,HTTP,0
4050821,https://www.seedsofchange.com.au,https://www.seedsofchange.com.au,300,"[u'5664', u'8491']",[u'dpuk-vw-sitefinity-web01'],DPUK-S,Up,100,False,0,HTTP,0
1777798,https://www.sheba.it,https://www.sheba.it,300,[u'5664'],[u'dpuk-vw-gdpr-web02'],DPUK-S,Up,100,False,0,HTTP,0
81798,https://mypedigree.ca,https://mypedigree.ca,300,[u'5664'],[u'dpuk-vw-pet-web03'],DPUK-S,Up,100,False,0,HTTP,0
3687814,https://skittlespromo.ru,https://skittlespromo.ru,300,"[u'5664', u'146492']",[u'plesk-02.mngt.mars.com'],DATALINE RU,Up,100,False,0,HTTP,0
5789830,https://kindsnacks.co.uk,https://kindsnacks.co.uk,300,"[u'161503', u'199857']",[u'Externally Hosted'],Externally Hosted,Up,100,False,0,HTTP,0
3107718,http://expense.mars.com,http://expense.mars.com,900,[u'5664'],[u'externalhosting-non-pci-prod'],AWS-PAAS-S3,Up,100,False,0,HTTP,0
81799,https://www.whiskas.ca,https://www.whiskas.ca,300,[u'5664'],[u'dpuk-vw-pet-web01'],DPUK-S,Up,100,False,0,HTTP,0
3231624,http://m-ms.rs,http://m-ms.rs,300,"[u'5664', u'7450', u'8491']",[u'dpuk-vw-gdpr-mmseu'],DPUK-S,Up,100,False,0,HTTP,0
117640,https://www.cesar.ca,https://www.cesar.ca,300,[u'5664'],[u'dpuk-vw-pet-web02'],DPUK-S,Up,100,False,0,HTTP,0
5888648,https://www.buckeyenutrition.com,https://www.buckeyenutrition.com,900,[u'5664'],[u'externalhosting-non-pci-prod'],AWS-PAAS-EBS,Up,100,False,0,HTTP,0
5789834,https://www.farmerincomelab.com/,https://www.farmerincomelab.com/,300,"[u'161503', u'199857']",[u'Externally Hosted'],Externally Hosted,Up,100,False,0,HTTP,0
3437706,https://prof.pedigree.ru,https://prof.pedigree.ru,300,"[u'5664', u'99942', u'122534', u'122542', u'146492']",[u'plesk-01.mngt.mars.com'],DATALINE RU,Up,100,False,0,HTTP,0
339851,www.dreamies.jp,www.dreamies.jp,300,[u'5664'],[u'dphk-vw-web04'],DPHK-S,Up,100,False,0,HTTP,0
3107725,https://galaxychocolate.co.uk,https://galaxychocolate.co.uk,300,"[u'5664', u'8491']",[u'dpuk-vw-gdpr-web03'],DPUK-S,Up,100,False,0,HTTP,0
3107981,posm.sol.sitenka.ru,posm.sol.sitenka.ru,300,[u'5664'],[u'dpuk-vl-web01'],DPUK-S,Up,100,False,0,HTTP,0
3326605,https://beginners.unclebens.com,https://beginners.unclebens.com,900,"[u'5664', u'151937']",[u'externalhosting-non-pci-prod'],AWS-PAAS-EBS,Up,100,False,0,HTTP,0
5789839,https://canal.mars.com/pt-br,https://canal.mars.com/pt-br,300,"[u'161503', u'199857']",[u'Externally Hosted'],Externally Hosted,Up,100,False,0,HTTP,0
3640463,https://www.royalcanin.com,https://www.royalcanin.com,300,"[u'132519', u'215506']",[u'Externally Hosted'],Externally Hosted,Up,100,False,0,HTTP,0
5789840,https://hun.mars.com/,https://hun.mars.com/,300,"[u'161503', u'199857']",[u'Externally Hosted'],Externally Hosted,Up,100,False,0,HTTP,0
5789841,https://nor.mars.com/en,https://nor.mars.com/en,300,"[u'161503', u'199857']",[u'Externally Hosted'],Externally Hosted,Up,100,False,0,HTTP,0
5974674,https://newsletter.mars.com ,https://newsletter.mars.com,300,[u'5664'],[u'dpuk-vl-web05'],,Up,100,False,0,HTTP,0
5797266,https://luckyredenvelope.unclebens.co.uk: TASK2527153,https://luckyredenvelope.unclebens.co.uk,900,[u'5664'],[u'externalhosting-non-pci-prod'],AWS-PAAS-EBS,Up,0,True,0,HTTP,0
1957010,https://www.mydog.com.au,https://www.mydog.com.au,300,[u'5664'],[u'dpuk-vw-pet-web02'],DPHK-S,Up,100,False,0,HTTP,0
5041298,https://pet-lovers.jp,https://pet-lovers.jp,300,[u'5664'],[u'dphk-vl-web01'],DPHK-S,Up,100,False,0,HTTP,0
5974675,http://www.nastakeholders.mars.com,http://www.nastakeholders.mars.com,300,[u'5664'],[u'dpuk-vl-web05'],,Up,100,False,0,HTTP,0
5789843,https://che.mars.com/en,https://che.mars.com/en,300,"[u'161503', u'199857']",[u'Externally Hosted'],Externally Hosted,Up,100,False,0,HTTP,0
5728659,https://www.winwithsickers.com,https://www.winwithsnickers.com,300,[u'5664'],[u'dpuk-vl-gdpr-web02'],DPUK-S,Up,100,False,0,HTTP,0
1956755,https://www.eukanuba.com.au-redirecting,https://www.eukanuba.com.au,300,[u''],[u'Externally Hosted'],,Up,100,False,0,HTTP,0
2032277,https://whiskas.com.my,https://whiskas.com.my,300,[u'5664'],[u'dpuk-vw-pet-web02'],DPUK-S,Up,100,False,0,HTTP,0
5974677,https://www.abccachorro.com,https://www.abccachorro.com,300,[u'5664'],[u'dpuk-vl-web05'],,Up,100,False,0,HTTP,0
3107733,https://gulfbi.mars.com,https://gulfbi.mars.com,900,[u'5664'],[u'externalhosting-non-pci-prod'],AWS-PAAS-EBS,Up,100,False,0,HTTP,0
5966230,https://club.crave-pet.ru,https://club.crave-pet.ru,900,[u'5664'],[u'plesk-01.mngt.mars.com'],DATALINE RU,Up,100,False,0,HTTP,0
5974678,https://www.naplntemisky.cz ,https://www.naplntemisky.cz,300,[u'5664'],[u'dpuk-vl-web05'],,Up,100,False,0,HTTP,0
5974679,https://www.sobremania.com,https://www.sobremania.com,300,[u'5664'],[u'dpuk-vl-web05'],,Up,100,False,0,HTTP,0
339863,guessthebreed.advancepet.com.au,guessthebreed.advancepet.com.au,300,[u'5664'],[u'dphk-vw-web04'],DPHK-S,Up,100,False,0,HTTP,0
5942423,https://promo.kitekat.ru,https://promo.kitekat.ru,300,"[u'5664', u'122534']",[u'plesk-02.mngt.mars.com'],,Up,100,False,0,HTTP,0
5942424,https://askpets.ru,https://askpets.ru,300,"[u'5664', u'122534']",[u'plesk-01.mngt.mars.com'],,Up,100,False,0,HTTP,0
1956760,https://www.marspetcarecollege.com,https://www.marspetcarecollege.com,300,[u'5664'],[u'dphk-vw-web05'],DPHK-S,Up,100,False,0,HTTP,0
5678745,https://marsfoodservice.com,https://marsfoodservice.com,900,"[u'5664', u'7450', u'8491']",[u'externalhosting-non-pci-prod'],AWS-PAAS-EBS,Up,100,False,0,HTTP,0
3670938,https://iams.com.ar,https://iams.com.ar,900,[u'5664'],[u'aws-use1-rlx-web01'],AWS-IAAS-EC2,Up,91.67,False,0,HTTP,0
116890,https://www.whiskas.pl,https://www.whiskas.pl,300,[u'5664'],[u'dpuk-vw-gdpr-web02'],DPUK-S,Up,100,False,0,HTTP,0
117146,https://www.whiskas.co.th,https://www.whiskas.co.th,300,[u'5664'],[u'dphk-vw-web05'],DPHK-S,Up,100,False,0,HTTP,0
116891,https://www.whiskas.lv,https://www.whiskas.lv,300,[u'5664'],[u'dpuk-vw-gdpr-web02'],DPUK-S,Up,100,False,0,HTTP,0
117147,utilities.mfanz.com.au,utilities.mfanz.com.au,300,[u'5664'],[u'dphk-vw-web05'],DPHK-S,Up,100,False,0,HTTP,0
1956763,https://sample.whiskas.in,https://sample.whiskas.in,300,[u'5664'],[u'dphk-vw-web05'],DPHK-S,Up,100,False,0,HTTP,0
5275548,https://ombudsman.mars.com,https://ombudsman.mars.com,300,"[u'161503', u'199857']",[u'Externally Hosted'],Externally Hosted,Up,100,False,0,HTTP,0
116892,https://www.whiskas.it,https://www.whiskas.it,300,[u'5664'],[u'dpuk-vw-gdpr-web02'],DPUK-S,Up,100,False,0,HTTP,0
2804636,https://extragum.com,https://extragum.com,900,[u'5664'],[u'externalhosting-non-pci-prod'],AWS-PAAS-EBS,Down,0,True,0,HTTP,0
75677,https://www.pedigree.com,https://www.pedigree.com,900,"[u'5664', u'151937', u'218922']",[u'externalhosting-non-pci-prod'],AWS-PAAS-EBS,Up,100,False,0,HTTP,0
116893,https://www.whiskas.ee,https://www.whiskas.ee,300,[u'5664'],[u'dpuk-vw-gdpr-web02'],DPUK-S,Up,100,False,0,HTTP,0
5859230,https://www.catday.ru,https://www.catday.ru,300,"[u'5664', u'99942', u'122534', u'146492']",[u'plesk-02.mngt.mars.com'],DATALINE RU,Up,100,False,0,HTTP,0
339871,iams.jp,iams.jp,300,[u'5664'],[u'dphk-vw-web04'],DPHK-S,Up,100,False,0,HTTP,0
5216927,https://vetservices.royalcanin.fr/user/login,https://vetservices.royalcanin.fr/user/login,300,[u'161337'],[u'Externally Hosted'],Externally Hosted,Up,100,False,0,HTTP,0
1952927,dphk-fw01.mars-inc.com,dphk-fw01.mars-inc.com,300,[u'5664'],[u'dphk-fw01'],DPHK-S,Up,100,False,0,PING,0
116896,https://welttiertag.ch,https://welttiertag.ch,300,"[u'5664', u'8491']",[u'dpuk-vl-web04'],DPUK-S,Up,100,False,0,HTTP,0
1952928,dpuk-fw01.mars-inc.com,dpuk-fw01.mars-inc.com,300,"[u'5664', u'99942']",[u'dpuk-fw01'],DPUK-VPN,Up,100,False,0,PING,0
3896481,https://mars.co.kr,https://mars.co.kr,300,[u'8491'],[u'Externally Hosted'],Externally Hosted,Up,100,False,0,HTTP,0
117153,www.sheba.jp,www.sheba.jp,300,[u'5664'],[u'dphk-vw-web04'],DPHK-S,Up,100,False,0,HTTP,0
3896482,https://mars.at,https://mars.at,300,[u'8491'],[u'Externally Hosted'],Externally Hosted,Up,100,False,0,HTTP,0
116899,https://www.twix.rs,https://www.twix.rs,300,"[u'5664', u'8491']",[u'dpuk-vl-gdpr-web02'],DPUK-S,Up,100,False,0,HTTP,0
3896484,https://mars.no,https://mars.no,300,[u'8491'],[u'Externally Hosted'],Externally Hosted,Up,100,False,0,HTTP,0
5076644,https://retroapproval-units.mars.com,https://retroapproval-units.mars.com,900,[u'5664'],[u'externalhosting-non-pci-prod'],AWS-PAAS-EBS,Up,100,False,0,HTTP,0
116900,https://twix.bg,https://twix.bg,300,"[u'5664', u'8491']",[u'dpuk-vl-gdpr-web02'],DPUK-S,Up,100,False,0,HTTP,0
3896485,https://mars.de,https://mars.de,300,[u'8491'],[u'Externally Hosted'],Externally Hosted,Up,100,False,0,HTTP,0
494501,https://pedigree.com.br,https://pedigree.com.br,900,[u'5664'],[u'externalhosting-non-pci-prod'],AWS-PAAS-EBS,Up,100,False,0,HTTP,0
3471269,https://mms-promo.ru,https://mms-promo.ru,300,"[u'5664', u'99942', u'146492']",[u'plesk-02.mngt.mars.com'],DATALINE RU,Up,100,False,0,HTTP,0
4022950,https://www.whiskas.gr/,https://www.whiskas.gr/,300,[u'5664'],[u'dpuk-vw-pet-web03'],DPUK-D,Up,100,False,0,HTTP,0
3896486,https://marsfrance.fr,https://marsfrance.fr,300,[u'8491'],[u'Externally Hosted'],Externally Hosted,Up,100,False,0,HTTP,0
5111206,https://dixypromo.ru,https://dixypromo.ru,300,[u'5664'],[u'plesk-02.mngt.mars.com'],DATALINE RU,Up,100,False,0,HTTP,0
411559,https://www.whiskas.cz,https://www.whiskas.cz,300,[u'5664'],[u'dpuk-vw-pet-web02'],DPUK-S,Up,100,False,0,HTTP,0
3896488,https://mars.it,https://mars.it,300,[u'8491'],[u'Externally Hosted'],Externally Hosted,Up,100,False,0,HTTP,0
5949608,https://catfriendly.ru ,https://catfriendly.ru,300,[u'5664'],[u'plesk-01.mngt.mars.com'],,Up,100,False,0,HTTP,0
117160,pet2.mfanz.com.au,pet2.mfanz.com.au,300,[u'5664'],[u'dphk-vw-web05'],DPHK-S,Up,100,False,0,HTTP,0
5952424,registration-mars.ru,https://registration-mars.ru,300,[u'5664'],[u'plesk-01.mngt.mars.com'],DATALINE RU,Up,100,False,0,HTTP,0
465065,www.galaxyarabia.me: waiting for user response,www.galaxyarabia.me,300,[u'5664'],[u'dpuk-vw-web10'],DPUK-S,Up,0,True,0,HTTP,0
3896489,https://mars.fi,https://mars.fi,300,[u'8491'],[u'Externally Hosted'],Externally Hosted,Up,100,False,0,HTTP,0
5278633,https://marschocolatedrinksandtreats.com,https://marschocolatedrinksandtreats.com,300,"[u'5664', u'8491']",[u'dpuk-vw-gdpr-web03'],DPUK-S,Up,100,False,0,HTTP,0
116905,www.snickers.ee,www.snickers.ee,300,[u'5664'],[u'dpuk-vl-gdpr-web02'],DPUK-S,Up,100,False,0,HTTP,0
75690,https://www.nutro.com,https://www.nutro.com,300,"[u'8491', u'151937']",[u'Externally Hosted'],Externally Hosted,Up,100,False,0,HTTP,0
3896490,https://mars.nl,https://mars.nl,300,[u'8491'],[u'Externally Hosted'],Externally Hosted,Up,100,False,0,HTTP,0
3962794,https://greenies.ca,https://greenies.ca,300,[u'5664'],[u'dpuk-vw-pet-web03'],DPUK-S,Up,100,False,0,HTTP,0
5815722,https://beheard.mars.com,https://beheard.mars.com,900,[u'5664'],[u'externalhosting-non-pci-prod'],AWS-PAAS-EBS,Up,100,False,0,HTTP,0
4065963,https://wyborsmakoszy.pl,https://wyborsmakoszy.pl,300,[u'5664'],[u'dpuk-vl-web03'],DPUK-S,Up,0,True,0,HTTP,0
75691,www.mms.com,www.mms.com,300,[u'154118'],[u'Externally Hosted'],Externally Hosted,Up,100,False,0,HTTP,0
3896491,https://mars.pl,https://mars.pl,300,[u'8491'],[u'Externally Hosted'],Externally Hosted,Up,100,False,0,HTTP,0
3839915,https://www.cesar.com.mx,https://www.cesar.com.mx,300,[u'5664'],[u'dpuk-vw-pet-web03'],DPUK-D,Up,100,False,0,HTTP,0
117163,https://www.pedigree.com.au,https://www.pedigree.com.au,300,[u'5664'],[u'dphk-vw-web04'],DPHK-S,Up,100,False,0,HTTP,0
5272748,https://beginners.unclebens.be,https://beginners.unclebens.be,900,[u'5664'],[u'externalhosting-non-pci-prod'],AWS-PAAS-EBS,Up,100,False,0,HTTP,0
117164,https://www.pedigree.co.nz,https://www.pedigree.co.nz,300,[u'5664'],[u'dphk-vw-web04'],DPHK-S,Up,100,False,0,HTTP,0
3896493,https://mars.dk,https://mars.dk,300,[u'8491'],[u'Externally Hosted'],Externally Hosted,Up,100,False,0,HTTP,0
116909,https://sheba.nl,https://sheba.nl,300,[u'5664'],[u'dpuk-vw-gdpr-web03'],DPUK-S,Up,100,False,0,HTTP,0
117677,https://whiskas.nl,https://whiskas.nl,300,[u'5664'],[u'dpuk-vl-gdpr-web02'],DPUK-S,Up,100,False,0,HTTP,0
3896494,https://mars.se,https://mars.se,300,[u'8491'],[u'Externally Hosted'],Externally Hosted,Up,100,False,0,HTTP,0
3252398,https://productcentral.mars.com,https://productcentral.mars.com,900,"[u'5664', u'8491']",[u'externalhosting-non-pci-prod'],AWS-PAAS-EBS,Up,100,False,0,HTTP,0
117166,https://nutro.jp,https://nutro.jp,300,[u'5664'],[u'dphk-vl-web01'],DPHK-S,Up,100,False,0,HTTP,0
3896495,https://marsargentina.com.ar,https://marsargentina.com.ar,300,[u'8491'],[u'Externally Hosted'],Externally Hosted,Up,100,False,0,HTTP,0
117167,https://nutro.com.au,https://nutro.com.au,300,[u'5664'],[u'dphk-vw-web05'],DPHK-S,Up,100,False,0,HTTP,0
116912,www.pedigree.com.co,www.pedigree.com.co,300,[u'5664'],[u'dpuk-vl-web04'],DPUK-S,Up,100,False,0,HTTP,0
117680,https://www.whiskas.es,https://www.whiskas.es,300,[u'5664'],[u'dpuk-vw-gdpr-web03'],DPUK-S,Up,100,False,0,HTTP,0
114609,www.m-ms.eu,www.m-ms.eu,300,[u'8491'],[u'Externally Hosted'],Externally Hosted,Up,100,False,0,HTTP,0
5948593,https://snickers.lt,https://snickers.lt,300,[u'5664'],[u'dpuk-vl-gdpr-web02'],DPUK-S,Up,100,False,0,HTTP,0
116913,https://sheba.ru,https://sheba.ru,300,"[u'5664', u'99942', u'122534', u'122542', u'146492']",[u'plesk-01.mngt.mars.com'],DATALINE RU,Up,100,False,0,HTTP,0
3852722,https://sfgmars.com,https://sfgmars.com,900,[u'5664'],[u'externalhosting-non-pci-prod'],AWS-PAAS-EBS,Up,100,False,0,HTTP,0
116915,https://miracoli.be,https://miracoli.be,300,"[u'5664', u'8491']",[u'dpuk-vl-gdpr-web02'],DPUK-S,Up,100,False,0,HTTP,0
116917,https://marspackssce.com,https://marspackssce.com,300,[u'5664'],[u'dpuk-vl-web04'],DPUK-S,Up,100,False,0,HTTP,0
5940406,https://nuro.ru,https://nuro.ru,300,[u'5664'],[u'DATALINE RU'],,Down,0,True,0,HTTP,0
117686,https://www.suziwan.it,https://www.suziwan.it,300,"[u'5664', u'8491']",[u'dpuk-vw-gdpr-web03'],DPUK-S,Up,100,False,0,HTTP,0
5158583,https://mojulubieniec.pl_decommission request(TASK2619575),https://mojulubieniec.pl,300,[u'5664'],[u'dpuk-vl-gdpr-web01'],DPUK-S,Up,0,True,0,HTTP,0
117687,https://sheba.se,https://sheba.se,300,[u'5664'],[u'dpuk-vw-gdpr-web02'],DPUK-S,Up,100,False,0,HTTP,0
116920,https://kitekat.pl,https://kitekat.pl,300,[u'5664'],[u'dpuk-vl-gdpr-web01'],DPUK-S,Up,100,False,0,HTTP,0
117688,https://sheba.no,https://sheba.no,300,[u'5664'],[u'dpuk-vw-gdpr-web02'],DPUK-S,Up,100,False,0,HTTP,0
116921,https://kitekat.de,https://kitekat.de,300,[u'5664'],[u'dpuk-vl-web01'],DPUK-S,Up,100,False,0,HTTP,0
117690,https://sheba.dk,https://sheba.dk,300,[u'5664'],[u'dpuk-vw-gdpr-web02'],DPUK-S,Up,100,False,0,HTTP,0
3107515,origin.pedigree.in,origin.pedigree.in,300,[u'5664'],[u'dpuk-vw-pet-web03'],DPUK-S,Up,100,False,0,HTTP,0
5740475,https://www.optimumpet.com.ar,https://www.optimumpet.com.ar,300,[u'5664'],[u'dpuk-vl-gdpr-web01'],DPUK-S,Up,100,False,0,HTTP,0
116923,http://www.dolmio.ru,http://www.dolmio.ru,300,[u'5664'],[u'dpuk-vl-web04'],DPUK-S,Up,100,False,0,HTTP,0
117691,https://www.sheba.de,https://www.sheba.de,300,[u'5664'],[u'dpuk-vw-gdpr-web03'],DPUK-S,Up,100,False,0,HTTP,0
89788,https://www.whiskas.com.au,https://www.whiskas.com.au,300,[u'5664'],[u'dphk-vw-web04'],DPHK-S,Up,100,False,0,HTTP,0
116924,https://www.dessertmoments.com,https://www.dessertmoments.com,300,[u'5664'],[u'dpuk-vl-web04'],DPUK-S,Up,0,True,0,HTTP,0
117692,https://sheba.ch,https://sheba.ch,300,[u'5664'],[u'dpuk-vw-pet-web02'],DPUK-S,Up,100,False,0,HTTP,0
3964093,https://sheba.com.mx,https://sheba.com.mx,300,[u'5664'],[u'dpuk-vw-pet-web03'],DPUK-S,Up,100,False,0,HTTP,0
116669,http://www.sheba.fr,http://www.sheba.fr,300,[u'5664'],[u'dpuk-vw-gdpr-web03'],DPUK-S,Up,100,False,0,HTTP,0
2806717,Korkunov.ru,Korkunov.ru,300,"[u'5664', u'99942', u'146492', u'189786']",[u'plesk-01.mngt.mars.com'],DATALINE RU,Up,100,False,0,HTTP,0
339902,https://www.wrigleyextra.com.au,https://www.wrigleyextra.com.au,300,"[u'5664', u'9965']",[u'dphk-vw-web05'],DPHK-S,Up,100,False,0,HTTP,0
5914048,https://nutro.es/,https://nutro.es/,300,[u'5664'],[u'dpuk-vw-pet-web03'],,Up,100,False,0,HTTP,0
5940416,https://onewayroadtosheba.com/ ,https://onewayroadtosheba.com/,300,[u'5664'],[u'AWS-PAAS-S3'],,Up,100,False,0,HTTP,0
117185,https://www.dine.com.au,https://www.dine.com.au,300,[u'5664'],[u'dphk-vw-web04'],DPHK-S,Up,100,False,0,HTTP,0
2806721,https://pedigree.ru,https://pedigree.ru,300,"[u'5664', u'99942', u'122532', u'122534', u'146492']",[u'WebServer.mars.com'],DATALINE RU,Up,100,False,0,HTTP,0
117699,https://www.pedigree.be,https://www.pedigree.be,300,[u'5664'],[u'dpuk-vw-gdpr-web03'],DPUK-S,Up,100,False,0,HTTP,0
117188,www.cesar.co.th,www.cesar.co.th,300,[u'5664'],[u'dphk-vw-web04'],DPHK-S,Up,100,False,0,HTTP,0
3105734,https://www.advancepet.com.au,https://www.advancepet.com.au,300,[u'5664'],[u'dphk-vw-web04'],DPHK-S,Up,100,False,0,HTTP,0
2334662,https://petstory.ru,https://petstory.ru,300,"[u'5664', u'99942', u'146492']","[u'Externally Hosted', u'DATALINE RU']",DATALINE RU,Up,100,False,0,HTTP,0
5900231,https://www.snickersjuve.it_decommission(TASK2623570),https://www.snickersjuve.it,900,[u'5664'],[u'externalhosting-non-pci-prod'],AWS-PAAS-S3,Up,0,True,0,HTTP,0
3473608,https://www.conejosturin.com,https://www.conejosturin.com,300,[u'5664'],[u'dpuk-vl-web03'],DPUK-D,Up,100,False,0,HTTP,0
5836233,https://www.askpets.ru,https://www.askpets.ru,300,[u'5664'],[u'plesk-01.mngt.mars.com'],DATALINE RU,Up,100,False,0,HTTP,0
5973961,optimumpet.cl,https://optimumpet.cl,300,[u'5664'],[u'dpuk-vl-gdpr-web01'],,Up,100,False,0,HTTP,0
3885769,https://www.twixandcoffee.gr,https://www.twixandcoffee.gr,300,[u'5664'],[u'dpuk-vl-web04'],DPUK-S,Up,100,False,0,HTTP,0
117193,www.whiskas.com.tw,www.whiskas.com.tw,300,[u'5664'],[u'dphk-vw-web05'],DPHK-S,Up,100,False,0,HTTP,0
117194,https://www.whiskas.co.nz,https://www.whiskas.co.nz,300,[u'5664'],[u'dphk-vw-web04'],DPHK-S,Up,100,False,0,HTTP,0
5353675,https://wokwednesday.unclebens.ca,https://wokwednesday.unclebens.ca,300,[u'5664'],[u'dpuk-vl-web04'],DPUK-S,Up,100,False,0,HTTP,0
1956555,https://www.nutro.co.nz,https://www.nutro.co.nz,300,[u'5664'],[u'dphk-vw-web05'],DPHK-S,Up,100,False,0,HTTP,0
116684,https://dreamies.ru,https://www.dreamies.ru,300,"[u'5664', u'99942', u'122534', u'122536', u'146492']",[u'plesk-01.mngt.mars.com'],DATALINE RU,Up,100,False,0,HTTP,0
117196,https://snickers.com.tw,https://snickers.com.tw,300,[u'5664'],[u'dphk-vw-web05'],DPHK-S,Up,100,False,0,HTTP,0
2806732,https://whiskas.ru,https://whiskas.ru,300,"[u'5664', u'99942', u'122534', u'122543', u'146492']",[u'WebServer.mars.com'],DATALINE RU,Up,100,False,0,HTTP,0
5329101,https://sheba.com.br,https://sheba.com.br,300,[u'5664'],[u'dpuk-vw-pet-web02'],DPUK-S,Up,100,False,0,HTTP,0
5814221,https://twix.ee,https://twix.ee,300,[u'5664'],[u'dpuk-vl-gdpr-web02'],DPUK_S,Up,100,False,0,HTTP,0
117197,https://www.schmackos.com.au,https://www.schmackos.com.au,300,[u'5664'],[u'Externally Hosted'],EXTERNALLY HOSTED,Up,100,False,0,HTTP,0
2806733,https://Lubimchik.ru,https://Lubimchik.ru,300,"[u'5664', u'99942', u'146492', u'189786']",[u'lubimchik.mngt.mars.com'],DATALINE RU,Up,100,False,0,HTTP,0
75470,https://www.mars.com,https://www.mars.com,300,"[u'161503', u'199857']",[u'Externally Hosted'],Externally Hosted,Up,100,False,0,HTTP,0
3105742,https://aquarian.co.uk,https://aquarian.co.uk,300,[u'5664'],[u'dpuk-vl-web01'],DPUK-S,Up,100,False,0,HTTP,0
116686,https://www.cesar.es,https://www.cesar.es,300,[u'5664'],[u'dpuk-vw-pet-web03'],DPUK-S,Up,100,False,0,HTTP,0
116942,https://snickers.ru,https://snickers.ru,300,"[u'5664', u'99942', u'146492']",[u'plesk-01.mngt.mars.com'],DATALINE RU,Up,100,False,0,HTTP,0
2806735,https://5gum.ru,https://5gum.ru,300,"[u'5664', u'99942', u'146492']",[u'plesk-01.mngt.mars.com'],DATALINE RU,Up,100,False,0,HTTP,0
3965136,https://marspc-cp.jp,https://marspc-cp.jp,300,[u'5664'],[u'dphk-vl-web01'],DPHK-S,Up,100,False,0,HTTP,0
116688,https://www.catsan.nl,https://www.catsan.nl,300,[u'5664'],[u'dpuk-vl-gdpr-web02'],DPUK-S,Up,100,False,0,HTTP,0
117200,www.promanage-pet.jp,www.promanage-pet.jp,300,[u'5664'],[u'dphk-vw-web04'],DPHK-S,Up,100,False,0,HTTP,0
3105745,https://authenticate.mars.com,https://authenticate.mars.com,300,"[u'5664', u'8491']",[u'dpuk-vw-web09'],DPUK-S,Up,100,False,0,HTTP,0
116945,https://www.seedsofchange.ca,https://www.seedsofchange.ca,300,[u'161567'],[u'Externally Hosted'],DPUK-S,Up,100,False,0,HTTP,0
117713,https://chappi.ru,https://chappi.ru,300,"[u'5664', u'99942', u'122534', u'146492']",[u'plesk-01.mngt.mars.com'],DATALINE RU,Up,100,False,0,HTTP,0
5315538,https://action.perfect-fit.at,https://action.perfect-fit.at,300,[u'5664'],[u'dpuk-vl-gdpr-web02'],DPUK-S,Up,100,False,0,HTTP,0
3105746,https://avi.mars.com,https://avi.mars.com,900,[u'5664'],[u'externalhosting-non-pci-prod'],AWS-PAAS-EBS,Up,100,False,0,HTTP,0
5301970,https://retroapproval-units2.mars.com,https://retroapproval-units2.mars.com,900,[u'5664'],[u'externalhosting-non-pci-prod'],AWS-PAAS-EBS,Up,100,False,0,HTTP,0
5513172,https://gfsc.mars.com,https://gfsc.mars.com,300,"[u'161503', u'199857']",[u'Externally Hosted'],Externally Hosted,Up,100,False,0,HTTP,0
116948,https://www.pedigree.pl,https://www.pedigree.pl,300,[u'5664'],[u'dpuk-vw-gdpr-web02'],DPUK-S,Up,100,False,0,HTTP,0
117205,https://www.pedigree.co.th,https://www.pedigree.co.th,300,[u'5664'],[u'dphk-vw-web05'],DPHK-S,Up,100,False,0,HTTP,0
5513174,https://marketingportalpetcare.mars.com,https://marketingportalpetcare.mars.com,300,[u'206473'],[u'Externally Hosted'],Externally hosted,Up,100,False,0,HTTP,0
5814230,https://twix.lv,https://twix.lv,300,[u'5664'],[u'dpuk-vl-gdpr-web02'],DPUK-S,Up,100,False,0,HTTP,0
116950,https://pedigree.cl,https://pedigree.cl,300,[u'5664'],[u'dpuk-vl-web02'],DPUK-S,Up,100,False,0,HTTP,0
117206,https://www.optimumpet.com.au,https://www.optimumpet.com.au,300,[u'5664'],[u'dphk-vw-web05'],DPHK-S,Up,100,False,0,HTTP,0
5638871,https://catsan.ru,https://catsan.ru,300,"[u'5664', u'99942', u'146492']",[u'plesk-01.mngt.mars.com'],DATALINE RU,Up,100,False,0,HTTP,0
5513175,https://oktadocs.mars.com,https://oktadocs.mars.com,300,[u'161567'],[u'Externally Hosted'],Externally Hosted,Up,100,False,0,HTTP,0
5845463,https://plantbasedpledge.seedsofchange.ca,https://plantbasedpledge.seedsofchange.ca,900,[u'171851'],[u'dpuk-vl-web05'],DPUK-S,Up,100,False,0,HTTP,0
5921495,https://dogstudy.ru,https://dogstudy.ru,300,[u'5664'],[u'plesk-01.mngt.mars.com'],DATALINE RU,Up,100,False,0,HTTP,0
3105751,https://biniteducation.com,https://biniteducation.com,300,[u'5664'],[u'dpuk-vl-web05'],DPUK-S,Up,100,False,0,HTTP,0
180439,https://www.martiansreunited.com,https://www.martiansreunited.com,300,"[u'5664', u'8491']",[u'dpuk-vw-web09'],DPUK-S,Up,100,False,0,HTTP,0
116695,https://www.whiskas.hu,https://www.whiskas.hu,300,[u'5664'],[u'dpuk-vw-pet-web01'],DPUK-S,Up,100,False,0,HTTP,0
5513176,http://vethealth.mars.com,http://vethealth.mars.com,300,[u'161567'],[u'dpuk-vw-gdpr-web02'],DPUK-S,Up,100,False,0,HTTP,0
3105752,block.mars.com,block.mars.com,900,[u'5664'],[u'externalhosting-non-pci-prod'],AWS-PAAS-EBS,Up,100,False,0,HTTP,0
96728,https://www.whiskas.co.uk,https://www.whiskas.co.uk,300,[u'5664'],[u'dpuk-vw-gdpr-web03'],DPUK-S,Up,100,False,0,HTTP,0
5084376,https://cesar-club.com,https://cesar-club.com,300,[u'5664'],[u'dphk-vw-web05'],DPHK-S,Up,100,False,0,HTTP,0
116696,https://unclebens.se,https://unclebens.se,300,"[u'5664', u'8491']",[u'dpuk-vl-gdpr-web01'],DPUK-S,Up,100,False,0,HTTP,0
116697,https://unclebens.dk,https://unclebens.dk,300,"[u'5664', u'8491']",[u'dpuk-vl-gdpr-web01'],DPUK-S,Up,100,False,0,HTTP,0
117721,https://whiskas.pt,https://whiskas.pt,300,[u'5664'],[u'dpuk-vw-pet-web03'],DPUK-S,Up,100,False,0,HTTP,0
5782490,https://www.marsproductworld.com,https://www.marsproductworld.com,300,[u'5664'],[u'dpuk-vl-gdpr-marsonlinede-web01'],DPUK-S,Up,100,False,0,HTTP,0
117210,https://mydog.co.nz,https://mydog.co.nz,300,[u'5664'],[u'dphk-vw-web05'],DPHK-S,Up,100,False,0,HTTP,0
117722,https://www.whiskas.ch,https://www.whiskas.ch,300,[u'5664'],[u'dpuk-vw-pet-web01'],DPUK-S,Up,100,False,0,HTTP,0
5958106,https://marsslozeni.cz ,https://marsslozeni.cz,300,[u'5664'],[u'dpuk-vl-gdpr-web02'],DPUK-S,Up,100,False,0,HTTP,0
117723,https://www.whiskas.be,https://www.whiskas.be,300,[u'5664'],[u'dpuk-vw-gdpr-web03'],DPUK-S,Up,100,False,0,HTTP,0
1956571,https://www.extraoralhealthcareprogram.com.au,https://www.extraoralhealthcareprogram.com.au,300,[u'5664'],[u'dphk-vw-web05'],DPHK-S,Up,100,False,0,HTTP,0
4057819,https://skittlespride.ca,https://skittlespride.ca,300,[u'5664'],[u'dpuk-vl-web03'],DPUK-S,Up,100,False,0,HTTP,0
3105756,https://calendar.mars.com,https://calendar.mars.com,900,[u'5664'],[u'externalhosting-non-pci-prod'],AWS-PAAS-EBS,Up,100,False,0,HTTP,0
117212,https://www.mms.com.tw/,https://www.mms.com.tw/,300,[u'5664'],[u'dphk-vw-web05'],DPHK-S,Up,100,False,0,HTTP,0
5109980,https://www.tastybite.de,https://www.tastybite.de,300,[u'157361'],[u'Externally Hosted'],Externally Hosted,Up,100,False,0,HTTP,0
5520605,https://orbitklub.sk,https://orbitklub.sk,300,"[u'5664', u'8491']",[u'dpuk-vl-gdpr-web01'],DPUK-S,Up,100,False,0,HTTP,0
116701,https://www.sheba.pl,https://www.sheba.pl,300,[u'5664'],[u'dpuk-vw-gdpr-web02'],DPUK-S,Up,100,False,0,HTTP,0
5109981,Home | TastyBite,https://www.tastybite.co.uk,300,[u'157361'],[u'Externally Hosted'],Externally Hosted,Up,100,False,0,HTTP,0
3105758,https://www.catisfactions.fr,https://www.catisfactions.fr,300,[u'5664'],[u'dpuk-vw-pet-web02'],DPUK-S,Up,100,False,0,HTTP,0
5930974,https://www.hitvmagnit.ru,https://www.hitvmagnit.ru,300,[u'5664'],[u'plesk-02.mngt.mars.com'],DATALINE RU,Up,100,False,0,HTTP,0
116702,https://www.sheba.hu,https://www.sheba.hu,300,[u'5664'],[u'dpuk-vw-pet-web02'],DPUK-S,Up,100,False,0,HTTP,0
5953758,https://www.tastybite.com,https://www.tastybite.com,900,[u'5664'],[u'aws-use1-rlx-web01'],,Up,100,False,0,HTTP,0
3105759,https://catisfactions.pt,https://catisfactions.pt,300,"[u'5664', u'8491']",[u'dpuk-vl-web05'],DPUK-S,Up,100,False,0,HTTP,0
116703,https://www.sheba.be,https://www.sheba.be,300,[u'5664'],[u'dpuk-vw-gdpr-web02'],DPUK-S,Up,100,False,0,HTTP,0
190943,https://www.whiskas.me,https://www.whiskas.me,300,[u'5664'],[u'dpuk-vw-pet-web01'],DPUK-S,Up,100,False,0,HTTP,0
5199328,https://tacklegumlittering.co.uk,https://tacklegumlittering.co.uk,300,[u'5664'],[u'dpuk-vl-gdpr-web02'],DPUK-S,Up,100,False,0,HTTP,0
5109984,https://www.tastybite.co.uk,https://www.tastybite.co.uk,300,[u'157361'],[u'Externally Hosted'],Externally Hosted,Up,100,False,0,HTTP,0
223201,https://mmccertification.mars.com,https://mmccertification.mars.com,300,"[u'5664', u'8491']",[u'dpuk-vw-web10'],DPUK-S,Up,100,False,0,HTTP,0
117729,rnc.mars.com,rnc.mars.com,300,[u'5664'],[u'dpuk-vw-pet-web02'],DPUK-S,Up,100,False,0,HTTP,0
116963,www.heritagechocolate.ca,www.heritagechocolate.ca,300,[u'5664'],[u'dpuk-vl-web05'],DPUK-S,Up,100,False,0,HTTP,0
116964,https://www.greenies.es,https://www.greenies.es,300,"[u'5664', u'8491']",[u'dpuk-vl-gdpr-web02'],DPUK-S,Up,100,False,0,HTTP,0
117220,https://www.kantong.com.au,https://www.kantong.com.au,300,[u'5664'],[u'dphk-vw-web05'],DPHK-S,Up,100,False,0,HTTP,0
5461477,https://cesarpet.com.br,https://cesarpet.com.br,300,[u'5664'],[u'dpuk-vw-pet-web03'],DPUK-S,Up,100,False,0,HTTP,0
4021477,https://marspromotions.co.uk/tech,https://marspromotions.co.uk/tech,300,[u'5664'],[u'dpuk-vl-web03'],DPUK-S,Up,0,True,0,HTTP,0
1801957,https://www.pedigree.it,https://www.pedigree.it,300,[u'5664'],[u'dpuk-vw-gdpr-web02'],DPUK-S,Up,100,False,0,HTTP,0
117734,https://www.pedigree.fi,https://www.pedigree.fi,300,[u'5664'],[u'dpuk-vw-gdpr-web03'],DPUK-S,Up,100,False,0,HTTP,0
3107815,https://kitekat.it ,https://kitekat.it,300,"[u'5664', u'8491']",[u'dpuk-vl-web04'],DPUK-S,Up,100,False,0,HTTP,0
116712,www.pedigree.co.za,www.pedigree.co.za,300,[u'5664'],[u'dpuk-vl-web05'],DPUK-S,Up,100,False,0,HTTP,0
1572840,www.mymms.at,www.mymms.at,300,[u'11469'],[u'Externally Hosted'],Externally Hosted,Up,100,False,0,HTTP,0
5827561,https://ares.mars.com,https://ares.mars.com,300,"[u'5664', u'207454']",[u'dpuk-vw-gdpr-web03'],DPUK-S,Up,100,False,0,HTTP,0
3110378,https://temptationstreats.co.nz/,https://temptationstreats.co.nz/,300,[u'5664'],[u'dphk-vw-web04'],DPHK-S,Up,100,False,0,HTTP,0
161770,dpuk-vl-lamp10.mars-inc.com,dpuk-vl-lamp10.mars-inc.com,300,"[u'5664', u'99942']","[u'dpuk-vl-lamp10', u'SERVER']",DPUK-S,Up,0,True,0,HTTP,0
5884138,https://marsveterinary.com,https://marsveterinary.com,900,[u'5664'],[u'aws-use1-rlx-web01'],,Up,100,False,0,HTTP,0
3107819,https://launchpad.mars.com,https://launchpad.mars.com,300,[u'5664'],[u'externalhosting-non-pci-prod'],AWS-PAAS-EBS,Up,98.57,False,0,HTTP,0
502507,https://www.petpositives.com.au,https://www.petpositives.com.au,300,[u'5664'],[u'dphk-vw-web05'],DPHK-S,Up,100,False,0,HTTP,0
113899,www.betterwithmms.com,www.betterwithmms.com,300,[u'11469'],[u'Externally Hosted'],Externally Hosted,Up,100,False,0,HTTP,0
117227,www.cesarclub.com.tw,www.cesarclub.com.tw,300,[u'5664'],[u'dphk-vw-web04'],DPHK-S,Up,100,False,0,HTTP,0
4067820,https://fuetterung.perfect-fit.at,https://fuetterung.perfect-fit.at,300,[u'5664'],[u'dpuk-vl-web04'],DPUK-S,Up,100,False,0,HTTP,0
5223660,https://www.kindsnacks.ie,https://www.kindsnacks.ie,300,"[u'161503', u'199857']",[u'Externally Hosted'],Externally Hosted,Up,100,False,0,HTTP,0
5361644,https://plantbasedpledge.seedsofchange.ca,https://plantbasedpledge.seedsofchange.ca,300,[u'5664'],[u'dpuk-vl-web05'],DPUK-S,Up,100,False,0,HTTP,0
116717,https://www.mars-riegel.de,https://www.mars-riegel.de,300,"[u'5664', u'8491']",[u'dpuk-vl-gdpr-web01'],DPUK-S,Up,100,False,0,HTTP,0
4050927,https://www.ebly.fr,https://www.ebly.fr,300,[u'8491'],[u'Externally Hosted'],Externally Hosted,Up,100,False,0,HTTP,0
75760,www.skittles.com,www.skittles.com,300,[u'9965'],[u'Externally Hosted'],Externally Hosted,Up,100,False,0,HTTP,0
3696112,https://www.nutro.ca,https://www.nutro.ca,300,"[u'5664', u'151936']",[u'dpuk-vw-pet-web03'],DPUK-S,Up,100,False,0,HTTP,0
3107312,https://cravepetfoods.ca,https://cravepetfoods.ca,300,[u'5664'],[u'dpuk-vw-pet-web03'],DPUK-S,Up,100,False,0,HTTP,0
3107824,https://maandvandegebitsverzorging.nl,https://maandvandegebitsverzorging.nl,300,[u'5664'],[u'dpuk-vl-gdpr-web02'],DPUK-S,Up,100,False,0,HTTP,0
5477104,https://eliott-cat.ru,https://eliott-cat.ru,300,"[u'5664', u'122534']",[u'plesk-01.mngt.mars.com'],DATALINE RU,Up,100,False,0,HTTP,0
3107313,https://cravepetfoods.com,https://cravepetfoods.com,900,"[u'5664', u'151937', u'218922']",[u'externalhosting-non-pci-prod'],AWS-PAAS-EBS,Up,100,False,0,HTTP,0
3107826,https://marketingportal.mars.com,https://marketingportal.mars.com,300,[u'156685'],[u'Externally Hosted'],Externally Hosted,Up,100,False,0,HTTP,0
116722,https://freedent.fr,https://freedent.fr,300,"[u'5664', u'8491']",[u'dpuk-vl-gdpr-web01'],DPUK-S,Up,100,False,0,HTTP,0
5954546,https://kototherapy.ru,https://kototherapy.ru,300,[u'5664'],[u'plesk-02.mngt.mars.com'],DATALINE RU,Up,100,False,0,HTTP,0
113395,https://posm-ae.mars.com,https://posm-ae.mars.com,900,[u'5664'],[u'externalhosting-non-pci-prod'],AWS-PAAS-EBS,Up,100,False,0,HTTP,0
117747,it.cesar.com,it.cesar.com,300,"[u'5664', u'8491']",[u'dpuk-vl-web03'],DPUK-S,Up,100,False,0,HTTP,0
5311732,https://saf.mars.com,https://saf.mars.com,900,[u'5664'],[u'externalhosting-non-pci-prod'],AWS-PAAS-EBS,Up,100,False,0,HTTP,0
3107316,cssupload.mars.com,cssupload.mars.com,300,[u'5664'],[u'dpuk-vw-web09'],DPUK-S,Up,100,False,0,HTTP,0
4050932,https://www.marsequestrian.com,https://marsequestrian.com,300,"[u'8491', u'156685']",[u'Externally Hosted'],Externally Hosted,Up,100,False,0,HTTP,0
5978357,https://wholesalewin2gether.co.uk,https://wholesalewin2gether.co.uk,900,[u'171851'],[u'externalhosting-non-pci-prod'],AWS-PAAS-EBS,Up,100,False,0,HTTP,0
5971446,https://portalvet.royalcanin.com.br,https://portalvet.royalcanin.com.br,300,[u'5664'],[u'aws-use1-rlx-web01'],AWS-IAAS-EC2,Up,100,False,0,HTTP,0
2844407,https://mip.mars.com,https://mip.mars.com,300,[u'97424'],[u'Externally Hosted'],AZURE,Up,100,False,0,HTTP,0
3107831,https://marschocolate.com,https://www.marschocolate.com,900,"[u'5664', u'8491']",[u'externalhosting-non-pci-prod'],AWS-PAAS-EBS,Up,100,False,0,HTTP,0
116727,https://www.catsan.de,https://www.catsan.de,300,[u'5664'],[u'dpuk-vw-gdpr-web02'],DPUK-S,Up,100,False,0,HTTP,0
2844408,https://cargo.mars.com,https://cargo.mars.com,300,[u'97424'],[u'Externally Hosted'],AZURE,Up,100,False,0,HTTP,0
117752,https://gccql.mars.com -SIT0019955,https://gccql.mars.com - SIT0019955,300,"[u'5664', u'8491']",[u'dpuk-vw-web11'],DPUK-S,Up,0,True,0,HTTP,0
5567736,https://adoption.pedigree.ru,https://adoption.pedigree.ru,300,"[u'5664', u'122534']",[u'plesk-01.mngt.mars.com'],DATALINE RU,Up,100,False,0,HTTP,0
116985,www.whiskas.co.za,www.whiskas.co.za,300,[u'5664'],[u'dpuk-vl-web05'],DPUK-S,Up,100,False,0,HTTP,0
117753,https://frolic.nl,https://frolic.nl,300,[u'5664'],[u'dpuk-vl-gdpr-web02'],DPUK-S,Up,100,False,0,HTTP,0
4038138,https://playandlearnwithmars.com,https://playandlearnwithmars.com,300,[u'5664'],[u'dpuk-vl-web03'],DPUK-S,Up,100,False,0,HTTP,0
117754,https://frolic.fr,https://frolic.fr,300,[u'5664'],[u'dpuk-vl-gdpr-web02'],DPUK-S,Up,100,False,0,HTTP,0
5764090,https://healthyhabits.royalcanin.com,https://healthyhabits.royalcanin.com,900,[u'5664'],[u'externalhosting-non-pci-prod'],AWS-PAAS-EBS,Down,0,True,0,HTTP,0
1572858,https://www.mymms.es,https://www.mymms.es,300,[u'11469'],[u'Externally Hosted'],Externally Hosted,Up,100,False,0,HTTP,0
161787,dpuk-vw-web09.mars-inc.com,dpuk-vw-web09.mars-inc.com,300,"[u'5664', u'99942']","[u'dpuk-vw-web09', u'SERVER']",DPUK-S,Up,100,False,0,HTTP,0
116987,www.unclebens.ca,www.unclebens.ca,300,[u'161567'],[u'Externally Hosted'],DPUK-S,Up,100,False,0,HTTP,0
3951100,https://iams.ca,https://iams.ca,300,[u'5664'],[u'dpuk-vw-pet-web03'],DPUK-S,Up,100,False,0,HTTP,0
3110396,https://unclebens.pl,https://unclebens.pl,300,[u'5664'],[u'dpuk-vl-web03'],DPUK-S,Up,100,False,0,HTTP,0
161788,dpuk-vw-web10.mars-inc.com,dpuk-vw-web10.mars-inc.com,300,"[u'5664', u'99942']","[u'dpuk-vw-web10', u'SERVER']",DPUK-S,Up,100,False,0,HTTP,0
3112444,https://www.optimumpet.com.br,https://www.optimumpet.com.br,300,"[u'5664', u'9965']",[u'dpuk-vl-web02'],DPUK-D,Up,100,False,0,HTTP,0
5524733,https://zdravezuby.cz,https://zdravezuby.cz,300,[u'8491'],[u'dpuk-vl-gdpr-web01'],DPUK-S,Up,100,False,0,HTTP,0
5954557,https://marspetcarecollege.ru,https://marspetcarecollege.ru,300,[u'5664'],[u'plesk-02.mngt.mars.com'],DATALINE RU,Up,100,False,0,HTTP,0
117758,https//www.cesar.be,https://www