"cesar.kz.","A","212.154.192.92",
"cesar.kz.","NS","ns-231.awsdns-28.com.","ns-1601.awsdns-08.co.uk.","ns-610.awsdns-12.net.","ns-1315.awsdns-36.org.",
"cesar.kz.","SOA","ns-231.awsdns-28.com. gisec.masterfoods.com. 1 7200 900 1209600 86400",
"cesar.kz.","TXT","""v=spf1 include:spf.mars-inc.com ~all""",
"_dmarc.cesar.kz.","TXT","""v=DMARC1; p=reject; fo=1; ri=3600; rua=mailto:mars@rua.agari.com; ruf=mailto:mars@ruf.agari.com""",
"www.cesar.kz.","CNAME","cesar.kz.",
"wrigley.com.kz.","A","185.98.6.98",
"wrigley.com.kz.","MX","10 bh.markmonitor.com.",
"wrigley.com.kz.","NS","ns-1547.awsdns-01.co.uk.","ns-433.awsdns-54.com.","ns-1475.awsdns-56.org.","ns-702.awsdns-23.net.",
"wrigley.com.kz.","SOA","ns-1547.awsdns-01.co.uk. gisec.masterfoods.com. 1 7200 900 1209600 86400",
"wrigley.com.kz.","TXT","""v=spf1 include:spf.mars-inc.com -all""",
"_dmarc.wrigley.com.kz.","TXT","""v=DMARC1\; p=reject\; fo=1\; ri=3600\; rua=mailto:mars@rua.agari.com\; ruf=mailto:mars@ruf.agari.com""",
"www.wrigley.com.kz.","A","185.98.6.98",
"dovechocolate.kz.","A","redirect-mars-com-229883800.us-east-1.elb.amazonaws.com."
"dovechocolate.kz.","NS","ns-1613.awsdns-09.co.uk.","ns-738.awsdns-28.net.","ns-1142.awsdns-14.org.","ns-288.awsdns-36.com.",
"dovechocolate.kz.","SOA","ns-1613.awsdns-09.co.uk. gisec.masterfoods.com. 1 7200 900 1209600 86400",
"dovechocolate.kz.","TXT","""v=spf1 include:spf.mars-inc.com ~all""",
"_dmarc.dovechocolate.kz.","TXT","""v=DMARC1; p=reject; fo=1; ri=3600; rua=mailto:mars@rua.agari.com; ruf=mailto:mars@ruf.agari.com""",
"www.dovechocolate.kz.","CNAME","dovechocolate.kz.",
"m-ms.kz.","A","redirect-mars-com-229883800.us-east-1.elb.amazonaws.com."
"m-ms.kz.","NS","ns-1230.awsdns-25.org.","ns-1829.awsdns-36.co.uk.","ns-311.awsdns-38.com.","ns-841.awsdns-41.net.",
"m-ms.kz.","SOA","ns-1230.awsdns-25.org. gisec.masterfoods.com. 1 7200 900 1209600 86400",
"m-ms.kz.","TXT","""v=spf1 include:spf.mars-inc.com ~all""",
"_dmarc.m-ms.kz.","TXT","""v=DMARC1; p=reject; fo=1; ri=3600; rua=mailto:mars@rua.agari.com; ruf=mailto:mars@ruf.agari.com""",
"www.m-ms.kz.","CNAME","m-ms.kz.",
"mars-graduates.kz.","A","dualstack.redirect-mars-com-229883800.us-east-1.elb.amazonaws.com."
"mars-graduates.kz.","MX","10 uukmx01.mars-inc.com.",
"mars-graduates.kz.","NS","ns-399.awsdns-49.com.","ns-933.awsdns-52.net.","ns-1360.awsdns-42.org.","ns-1629.awsdns-11.co.uk.",
"mars-graduates.kz.","SOA","ns-399.awsdns-49.com. gisec.masterfoods.com. 1 7200 900 1209600 86400",
"mars-graduates.kz.","TXT","""v=spf1 include:spf.mars-inc.com ~all""","""y06hnxm2wxbp3139502tnnzv03vl2yj8""","""8qlzp5bzj1x7gwpq8p843p3r6kvx6gbp""","""dvplfd9yzjqxdd8s2cgzzcvx6j3wb6zd""",
"_dmarc.mars-graduates.kz.","TXT","""v=DMARC1; p=reject; fo=1; ri=3600; rua=mailto:mars@rua.agari.com; ruf=mailto:mars@ruf.agari.com""",
"www.mars-graduates.kz.","A","dualstack.redirect-mars-com-229883800.us-east-1.elb.amazonaws.com."
"mywhiskas.kz.","A","dualstack.redirect-mars-com-229883800.us-east-1.elb.amazonaws.com."
"mywhiskas.kz.","MX","10 uukmx01.mars-inc.com.",
"mywhiskas.kz.","NS","ns-1240.awsdns-27.org.","ns-953.awsdns-55.net.","ns-1548.awsdns-01.co.uk.","ns-418.awsdns-52.com.",
"mywhiskas.kz.","SOA","ns-1240.awsdns-27.org. gisec.masterfoods.com. 1 7200 900 1209600 86400",
"mywhiskas.kz.","TXT","""v=spf1 include:spf.mars-inc.com ~all""",
"_dmarc.mywhiskas.kz.","TXT","""v=DMARC1; p=reject; fo=1; ri=3600; rua=mailto:mars@rua.agari.com; ruf=mailto:mars@ruf.agari.com""",
"www.mywhiskas.kz.","CNAME","mywhiskas.kz.",
"royal-canin.kz.","NS","ns-1958.awsdns-52.co.uk.","ns-1322.awsdns-37.org.","ns-717.awsdns-25.net.","ns-472.awsdns-59.com.",
"royal-canin.kz.","SOA","ns-1958.awsdns-52.co.uk. gisec.masterfoods.com. 1 7200 900 1209600 86400",
"royal-canin.kz.","TXT","""v=spf1 include:spf.mars-inc.com ~all""",
"_dmarc.royal-canin.kz.","TXT","""v=DMARC1; p=reject; fo=1; ri=3600; rua=mailto:mars@rua.agari.com; ruf=mailto:mars@ruf.agari.com""",
"royalcanin.kz.","NS","ns-1643.awsdns-13.co.uk.","ns-137.awsdns-17.com.","ns-673.awsdns-20.net.","ns-1388.awsdns-45.org.",
"royalcanin.kz.","SOA","ns-1643.awsdns-13.co.uk. gisec.masterfoods.com. 1 7200 900 1209600 86400",
"royalcanin.kz.","TXT","""v=spf1 include:spf.mars-inc.com ~all""",
"_dmarc.royalcanin.kz.","TXT","""v=DMARC1; p=reject; fo=1; ri=3600; rua=mailto:mars@rua.agari.com; ruf=mailto:mars@ruf.agari.com""",
"skittles.kz.","A","185.98.6.98",
"skittles.kz.","NS","ns-1470.awsdns-55.org.","ns-1607.awsdns-08.co.uk.","ns-54.awsdns-06.com.","ns-638.awsdns-15.net.",
"skittles.kz.","SOA","ns-1470.awsdns-55.org. gisec.masterfoods.com. 1 7200 900 1209600 86400",
"skittles.kz.","TXT","""v=spf1 include:spf.mars-inc.com -all""",
"_dmarc.skittles.kz.","TXT","""v=DMARC1\; p=reject\; fo=1\; ri=3600\; rua=mailto:mars@rua.agari.com\; ruf=mailto:mars@ruf.agari.com""",
"kz.skittles.kz.","A","185.98.6.98",
"ru.skittles.kz.","A","185.98.6.98",
"www.skittles.kz.","A","185.98.6.98",
"twix.kz.","A","redirect-mars-com-229883800.us-east-1.elb.amazonaws.com."
"twix.kz.","NS","ns-397.awsdns-49.com.","ns-1462.awsdns-54.org.","ns-536.awsdns-03.net.","ns-1842.awsdns-38.co.uk.",
"twix.kz.","SOA","ns-397.awsdns-49.com. gisec.masterfoods.com. 1 7200 900 1209600 86400",
"twix.kz.","TXT","""v=spf1 include:spf.mars-inc.com ~all""",
"_dmarc.twix.kz.","TXT","""v=DMARC1; p=reject; fo=1; ri=3600; rua=mailto:mars@rua.agari.com; ruf=mailto:mars@ruf.agari.com""",
"www.twix.kz.","CNAME","twix.kz.",
"wrigley.kz.","A","185.98.6.98",
"wrigley.kz.","MX","10 bh.markmonitor.com.",
"wrigley.kz.","NS","ns-1088.awsdns-08.org.","ns-2041.awsdns-63.co.uk.","ns-32.awsdns-04.com.","ns-966.awsdns-56.net.",
"wrigley.kz.","SOA","ns-1088.awsdns-08.org. gisec.masterfoods.com. 1 7200 900 1209600 86400",
"wrigley.kz.","TXT","""v=spf1 include:spf.mars-inc.com -all""",
"_dmarc.wrigley.kz.","TXT","""v=DMARC1\; p=reject\; fo=1\; ri=3600\; rua=mailto:mars@rua.agari.com\; ruf=mailto:mars@ruf.agari.com""",
"www.wrigley.kz.","A","185.98.6.98",
