TestID,WebsiteURL,EnableSSLAlert,FollowRedirect,Paused
6017285,https://club.royalcanin.hu/,1,1,0
444424,https://iams.com,1,1,0
117002,https://maltesers.ru,1,1,1
5988620,https://perfectfit.be,1,1,0
81680,https://catalog.mars.com,1,1,1
81681,https://contact.mars.com/donotdelete.htm,1,1,0
5789715,https://grc.mars.com/,1,1,0
5789716,https://grc.mars.com/en,1,1,0
116500,https://pedigree.in,1,1,0
3987734,https://newjoiners.com.mx,1,1,1
5988632,https://royalcaninclub.ro,1,1,0
116504,https://marsicecream.ru,1,1,1
5932828,https://aws-vpn-useast1.mars-inc.com,1,1,0
3108128,https://schmackos.co.nz,1,1,0
6015521,https://ganaconorbit.com.mx,1,1,0
6219809,https://lighthouse-api-dev.mars.com,1,1,0
5565729,https://cashback.eukanuba.ru,1,1,1
5226804,https://shop.royal-canin.ru,1,1,1
5751092,https://crave-pet.ru,1,1,1
77373,https://greenies.com,1,1,0
106827,https://mymms.pl,1,1,0
6305613,https://apifishcare.com,1,1,1
90709,https://nuba.mars.com,1,1,0
77398,https://mymms.de,1,1,0
77401,https://mymms.it,1,1,0
5978457,https://mms-streaming.it,1,1,0
6303323,https://twix.co.uk,1,1,0
6152797,https://app.mmsretailgroup.com/admin/login.aspx,1,1,0
5846897,https://perfect-fit.at,1,1,0
5948536,https://football.m-ms.pt,1,1,0
5055611,https://www.nutro.be,1,1,0
3107970,https://perfect-fit.de,1,1,0
3640463,https://royalcanin.com,1,1,0
1957010,https://mydog.com.au,1,1,1
5966230,https://club.crave-pet.ru,1,1,0
3670938,https://iams.com.ar,1,1,0
75677,https://pedigree.com,1,1,0
5973961,https://optimumpet.cl,1,1,0
2806732,https://whiskas.ru,1,1,0
75470,https://mars.com,1,1,1
2806735,https://5gum.ru,1,1,0
5958106,https://marsslozeni.cz,1,1,0
116963,https://heritagechocolate.ca,1,1,0
116712,https://pedigree.co.za,1,1,0
1572840,https://mymms.at,1,1,0
3107819,https://launchpad.mars.com,1,1,0
5223660,https://kindsnacks.ie,1,1,0
75760,https://skittles.com,1,1,0
3107313,https://cravepetfoods.com,1,1,0
117747,https://it.cesar.com,1,1,0
5971446,https://portalvet.royalcanin.com.br,1,1,0
116985,https://whiskas.co.za,1,1,0
3112444,https://optimumpet.com.br,1,1,0
5896447,https://nutropetfood.fr,1,1,
