dpuk-vl-web02,dpuk-vl-lamp06,dpuk-vl-lamp07,dpuk-vl-lamp08,dpuk-vl-lamp09,dpuk-vl-lampat,dpuk-vl-web01,dpuk-vl-lamp10,dpuk-vl-lampat01,dpuk-vl-lamp11,dpuk-vl-lamp05
Total Active sites: 45,Total Active sites: 50,Total Active sites: 73,Total Active sites: 63,Total Active sites: 85,Total Active sites: 22,Total Active sites: 67,Total Active sites: 51,Total Active sites: 5,Total Active sites: 45,Total Active sites: 40
actie.m-ms.nl,airwaves.fr,agirpourladoption.com,americanheritagechocolate.com,abccachorro.com,balisto.at,20sec.dolmio.ru,airwaves-gold-bih.net,m.unclebens.at,5gum.co.ba,5gumexperience.com
bens-beginners.unclebens.de,airwavesnagradjuje.rs,amicelli.de,cesarcanada.marsfb.com,airwaveswin.com,catsan.at,4lapy.pedigree.pl,airwaves-gold-hr.net,testaktion.perfect-fit.at,5gum.rs,balisto.fr
catwyse.co.uk,balisto.ch,balisto-nachhaltig.de,chappi.nl,airwaveswinadventure.com,cesar.at,50ansdepartage.whiskas.fr,altoids.com,twix.at,5gum.ru,cesar.es
cesar.ru,catisfactions.nl,balisto.de,cms.americanheritagechocolate.com,augmented-reality.wrigleyfb.com,chappi.at,abccachorro.com,bensbeginners.com,unclebens.at,aktion.klix-kaffeeautomaten.de,chewtowin.com
easyfortune.ca,catsan.de,beginners.unclebens.com,dessertmoments.com,beginwithben.ca,dreamies-snacks.at,abcdogs.com.br,biniteducation.com,valentierstag.at,aktionswochen.ch,dreamies.ru
freedent.be,cesar.ch,catsan.ch,dolmio.ru,bensbeginners.ie,frolic.at,airwaves.mk,catisfactions.pt,,alapoursuitedesm.ca,faceoff.5gum.com
greenies.es,classic.sheba.be,catsan.ru,fokker.pedigree.nl,bounty.hu,gesundehundezaehne.at,apifishcare.com,cesar.com.mx,,alapoursuitedesm.com,frolic.es
jomosnacks.com,cookiestage.starburst.co.uk,celebrations.de,fokkers.pedigree.nl,chappi.cz,kitekat.at,aquarian.co.uk,chappi.de,,apipond.co,hundezaehne.ch
launchpad.mars.com,cookiestage2.cookiestage.starburst.co.uk,cesar.pt,fokkerservice.pedigree.nl,chappi.sk,maltesers.at,catsan.nl,chewtowin-sa.wrigleyfb.com,,bensbeginners.eu,m-ms.dk
mars-traineeship.com,cookiestage2.starburst.co.uk,ebly.de,greenies.it,cleanbowlchallenge.whiskas.ie,marsmachtmobil.at,catventures.kitekat.de,clevernaschen.de,,bonplan-nutro.fr,m-ms.ee
milionposilkow.pl,dreamies-de.marsfb.com,ee-whiskasgame.marsfb.com,hondenvoeding.nl,conditions.skittles.com,old.catsan.at,cesar.com.mx,dentastix.pedigree.com.br,,bounty-insel.de,m-ms.lt
paris.sheba.at,dreamies-snacks.de,exelcat.ch,hondenvoer.nl,conditions.starburst.com,pedigreeaustria.marsfb.com,eukanuba.com.mx,dolmio.dk,,catsan.fr,m-ms.lv
pedigree.cl,dreamiessnacks.de,extra-spende.de,jameswellbeloved.nl,dentaflex.pedigree.dk,petribbon.at,eukanuba.ru,dolmio.no,,chasemdown.ca,mars-graduates.kz
pedigree.com.mx,extradentalchecks.com,freedent.fr,kitekat.com,dentaflex.pedigree.fi,preprod.cesar.at,excelgum.ca,dolmio.se,,chasemdown.com,miracoli-de.marsfb.com
perfect-fit.ie,gebitscontrole.nl,frolic.de,kitekat.pl,dentaflex.pedigree.se,radln.balisto.at,hund-fragen-wissen.de,elaintenpaiva.fi,,denta.pedigree.ru,orbit.ba
promocja.pedigree.pl,maandvandegebitsverzorging.nl,happymoments.ch,klix-kaffeeautomaten.de,dentastix.pedigree.dk,snickers.at,iams.com.mx,fr.wrigleyoralcare.com,,dolmio.fi,orbit.co.rs
promotion.snickers.de,marathonbars.com,histoiresdemacher.fr,kontakt.kitekat.pl,dentastix.pedigree.fi,snickers.co.at,initiativezahngesundheit.de,galaxy.ie,,dp.mars.com,orbit.com.hr
royalcanin.co.uk,mars-icecream.de,ilspartentavecnous.org,kontakt.whiskas.pl,dentastix.pedigree.no,stage.chappi.at,jeu-pedigree-whiskas.fr,m-ms.be,,eukanuba.com.ar,orbit.si
royalfamily.royalcanin.co.uk,mars-riegel.de,jeuwhiskas.fr,m-ms.de,dentastix.pedigree.se,stage.kitekat.at,jeuwhiskas.fr,m-ms.ru,,it.cesar.com,pedigree.hu
skittles.fi,migration.mars-riegel.de,kitekat.ch,m.unclebens.ch,extrastyleyoursmile.com,utz.balisto.at,kitekat.de,maltesers.ru,,izberistran.si,perfectfit.cz
snickers.al,migration.munkatars.mars.hu,kitekat.ru,mars-graduates.com.ua,extrawindesignersunglasses.ie,whiskasaustria.marsfb.com,kitekat.it,marsicecream.ru,,mars-foodservice.ch,perfectfitza21dnu.cz
snickers.ba,migration.pedigree.co.za,klix.fr,marspackssce.com,extrawinninglooks.com,www2.kitekat.at,konkurs.pedigree.pl,mfssupportkit.com,,marschallengehunters.pl,sheba.ua
snickers.com.hr,migration.promotion.mars-riegel.de,lt-whiskasgame.marsfb.com,metaappsupport.mars.com,extrawinshoppingspree.ie,,m-ms.hu,milkyway.com.mx,,marskariera.pl,skittles.com.hr
snickers.cz,munkatars.mars.hu,lv-whiskasgame.marsfb.com,migration.fokker.pedigree.nl,fbgame.twix.rs,,mars-itr.com,mmspromotions.ca,,newsletter-global.mars.com,skittles.rs
snickers.ee,new.cesar.ch,m-ms-pt.marsfb.com,miracoli.be,football.m-ms.be,,marspet.marsfb.com,mmspromotions.com,,orbit.net.al,skittles.si
snickers.hu,new.unclebens.dk,m-ms.fi,nutro.it,football.m-ms.pt,,medaillepersonnalisee.com,mmspromotions.marsfb.com,,pedigree.com.mx,snickers.dk
snickers.lt,new.unclebens.se,m-ms.pt,nutrocanada.marsfb.com,forms.mars.de,,milkyway.com.mx,mycareandtreatsrange.com,,regulatory-info-api.com,snickersbar.no
snickers.me,orbit3pack.ba,m-ms.se,pedigree.com.co,greenies.es,,mms.pl,orbit3pack.si,,revealyourfortune.ca,snickerschoklad.se
snickers.mk,pedigree.co.za,maltesers.de,pedigree.nl,heritagechocolate.ca,,moviequiz.m-ms.nl,pedigree.in,,revelezvotrefortune.ca,stage.balisto.fr
snickers.si,pedigree.lt,martiansreunited.com,pedigree.ua,hub.twix.com,,nutronaturalchoice.fr,planetmarsme.marsfb.com,,revelezvotrefortune.com,stage.perfectfit.cz
snickersks.com,pedigree.lv,meincesar.de,pedigreepal.nl,hund-fragen-wissen.de,,oralcareeducation.com,preprod.5gum.si,,royco.co.za,stage.sheba.ua
stage.alertgum.com,perfectfit.hu,migration.amicelli.de,prelive.dolmio.ru,initiativezahngesundheit.de,,pdhb.mars.com,preprod.airwaves-gold-bih.net,,sheba.de,stage.snickers.dk
stage.kitekat.de,perfectfit.ru,migration.balisto.de,preprod.klix-kaffeeautomaten.de,kampanja.nutro.fi,,peanutsustainability.com,preprod.airwaves-gold-hr.net,,skittles.se,stage.snickersbar.no
stage.milionposilkow.pl,prof.pedigree.ru,migration.catsan.ch,preprod.miracoli.be,kociaradosc.whiskas.pl,,pedigree.com.mx,preprod.bensbeginners.com,,snickers.ba,stage.snickerschoklad.se
support.sol.sitenka.ru,remix-de.wrigleyfb.com,migration.catsan.ru,preprod.sheba.pt,kocipunkt.whiskas.pl,,pedigree.pt,preprod.catisfactions.pt,,snickers.com.hr,stage.unclebens.co.uk
testdomain.com,sheba.be,migration.celebrations.de,preprod.twix.bg,m-ms.cz,,peoplefortheplanet.at,preprod.dolmio.dk,,snickers.si,stage.unclebens.de
twix.ba,sheba.hu,migration.ebly.de,puppytrainer.nl,m-ms.sk,,productdatabase.mars-itr.com,preprod.elaintenpaiva.fi,,soutez.snickers.cz,twixujsvetpocka.cz
twix.bg,sheba.pl,migration.exelcat.ch,semainesdesanimaux.ch,m.beginwithben.ca,,promocja.pedigree.pl,preprod.mfssupportkit.com,,stage.mars-foodservice.ch,uncle-bens.de
twix.ee,skittles.ba,migration.frolic.de,sheba.pt,makeitmeanmoreatwrigley.com,,psieszczescie.pedigree.pl,preprod.milkyway.com.mx,,tastenewflavours.ca,unclebens.co.uk
twix.hr,snickers.fi,migration.maltesers.de,skittles-buildtherainbow-uk.wrigleyfb.com,mars-graduates.ru,,skittleswin.com,preprod.pedigreefoundation.org,,temptationscontest.ca,unclebens.de
twix.lv,stage.airwaves.fr,migration.snickers.de,SkittlesUp.com,marspresskit.com,,snickers-choc.ch,preprod.whiskas.co.za,,twix.eu,
twix.rs,stage.gebitscontrole.nl,migration.trill.de,snickers.ee,mms.com.mx,,snickers-srbija.com,preprod.winwithmms.com,,unclebens.pl,
twix.si,stage.twix.hu,migration.twix.de,snickers.lt,moviecollectandget.ca,,snickers.com.mx,promotions.marsfoodservices.com,,usgovernmentrelationsreport.mars.com,
united.twix.co.uk,thomas-katzenstreu.de,migration.unclebens.be,stage.pedigree.nl,naplntemisky.cz,,snickers.cz,riceandgrains.ca,,whiskascanada.marsfb.com,
unwindwithdove.com,twix.hu,migration.unclebens.nl,stage.pedigree.ua,naplntemisky.sk,,snickers.fr,snickers.de,,wrigley.de,
,twix.pt,miracoli.de,stage.sheba.pt,NAstakeholders.mars.com,,snickers.hu,stage.clevernaschen.de,,,
,unclebens.dk,mms-library.com,support.sol.sitenka.ru,newsletter.latam.mars.com,,snickers.sk,uk-starburst-basket.wrigleyfb.com,,,
,unclebens.no,oralatp.com,test-server.klix-kaffeeautomaten.de,newsletter.mars.com,,snickersromania.marsfb.com,unclebens.ca,,,
,unclebens.se,pawsitiveliving.ie,test.unclebens.ch,nutro.es,,sommerspiele.m-ms.de,unclebenspromotions.marsfb.com,,,
,wrigley.cz,pedigree.sk,tierwochen.ch,orbit.com.mk,,stage-20sec.dolmio.ru,whiskas.co.za,,,
,,perfect-fit.ch,twix.bg,pedigree.ee,,stage.abcdogs.com.br,winwithmms.com,,,
,,posm.sol.sitenka.ru,twix.rs,pedigree.pl,,stage.apifishcare.com,,,,
,,skittles.co.uk,unclebens.ch,pedigree.ro,,stage.excelgum.ca,,,,
,,skittles.ro,webcc.mars.com,preprod.initiativezahngesundheit.de,,stage.skittleswin.com,,,,
,,snickers.de,welttiertag.ch,preprod.marspresskit.com,,supplymedia.mars.com,,,,
,,snickers.ie,whiskas.com.co,preprod.mms.com.mx,,sweetmarsmoments.com,,,,
,,snickerscanada.marsfb.com,whiskas.ee,preprod.pedigree.ro,,tcstest.com,,,,
,,stage-m-ms-pt.marsfb.com,whiskas.lt,preprod.snickers.com.mx,,twix.cz,,,,
,,stage.m-ms-pt.marsfb.com,whiskas.lv,preprod.whiskas.com.mx,,twix.it,,,,
,,stage.m-ms.pt,whiskas.pl,remix.mms.com,,twix.sk,,,,
,,stage.meincesar.de,whiskascontest.ca,remixtherainbow.com,,twixandcoffee.ch,,,,
,,stage.whiskas.ua,workitkitty.com,seedsofchange.ca,,whiskas.nl,,,,
,,trill.de,wrigleynordics.com,skittles.fr,,whiskas.pt,,,,
,,twix.de,,snickers.bg,,whiskas.ro,,,,
,,twix.lt,,snickers.com.mx,,wineencitytripnaarlonden.nl,,,,
,,unclebens.be,,snickers.pt,,winwithsnickers.com,,,,
,,unclebens.fi,,snickers.sk,,winwithtwix.com,,,,
,,unclebens.nl,,snickers.ua,,,,,,
,,unclebensbeginners.com,,snickersromania.marsfb.com,,,,,,
,,whiskas.cl,,sobremania.com,,,,,,
,,whiskas.fi,,stage.bounty.hu,,,,,,
,,whiskas.ua,,stage.pedigree.ee,,,,,,
,,worldanimalday.ru,,stage.remix.mms.com,,,,,,
,,,,stage.weR4pets.com,,,,,,
,,,,stage.whiskas.com.ar,,,,,,
,,,,stocktober.wrigley.com,,,,,,
,,,,tracks.pedigree.co.uk,,,,,,
,,,,twixlegrandvote.com,,,,,,
,,,,weR4pets.com,,,,,,
,,,,whiskas.bg,,,,,,
,,,,whiskas.com.ar,,,,,,
,,,,whiskas.com.mx,,,,,,
,,,,whiskas.cz,,,,,,
,,,,winwithwrigley.co.uk,,,,,,
,,,,zasadywdzialaniu.pl,,,,,,
